Iso Code,Continent,Location,Last Updated Date,Total Cases,New Cases,New Cases Smoothed,Total Deaths,New Deaths,New Deaths Smoothed,Total Cases Per Million,New Cases Per Million,New Cases Smoothed Per Million,Total Deaths Per Million,New Deaths Per Million,New Deaths Smoothed Per Million,Reproduction Rate,Icu Patients,Icu Patients Per Million,Hosp Patients,Hosp Patients Per Million,Weekly Icu Admissions,Weekly Icu Admissions Per Million,Weekly Hosp Admissions,Weekly Hosp Admissions Per Million,New Tests,Total Tests,Total Tests Per Thousand,New Tests Per Thousand,New Tests Smoothed,New Tests Smoothed Per Thousand,Positive Rate,Tests Per Case,Tests Units,Total Vaccinations,People Vaccinated,People Fully Vaccinated,Total Boosters,New Vaccinations,New Vaccinations Smoothed,Total Vaccinations Per Hundred,People Vaccinated Per Hundred,People Fully Vaccinated Per Hundred,Total Boosters Per Hundred,New Vaccinations Smoothed Per Million,New People Vaccinated Smoothed,New People Vaccinated Smoothed Per Hundred,Stringency Index,Population,Population Density,Median Age,Aged 65 Older,Aged 70 Older,Gdp Per Capita,Extreme Poverty,Cardiovasc Death Rate,Diabetes Prevalence,Female Smokers,Male Smokers,Handwashing Facilities,Hospital Beds Per Thousand,Life Expectancy,Human Development Index,Excess Mortality Cumulative Absolute,Excess Mortality Cumulative,Excess Mortality,Excess Mortality Cumulative Per Million
AFG,Asia,Afghanistan,2021-12-03,157412.0,25.0,34.429,7311.0,1.0,0.571,3951.558,0.628,0.864,183.53,0.025,0.014,1.13,,,,,,,,,,,,,,,,,,5228706.0,4397449.0,3566192.0,,,15991.0,13.13,11.04,8.95,,401.0,16001.0,0.04,27.78,39835428.0,54.422,18.6,2.581,1.337,1803.987,,597.029,9.59,,,37.746,0.5,64.83,0.511,,,,
ALB,Europe,Albania,2021-12-03,201045.0,406.0,330.429,3108.0,4.0,4.429,69978.983,141.319,115.014,1081.821,1.392,1.541,0.65,,,,,,,,,,,,,,,,,,2111797.0,1075332.0,965964.0,70501.0,10758.0,5304.0,73.51,37.43,33.62,2.45,1846.0,1339.0,0.047,45.37,2872934.0,104.871,38.0,13.188,8.643,11803.431,1.1,304.195,10.08,7.1,51.2,,2.89,78.57,0.795,,,,
DZA,Africa,Algeria,2021-12-03,211112.0,191.0,185.0,6089.0,6.0,6.143,4731.689,4.281,4.146,136.474,0.134,0.138,1.14,15.0,0.336,,,,,,,,,,,,,,,,12145830.0,6740064.0,5380385.0,25381.0,23526.0,16190.0,27.22,15.11,12.06,0.06,363.0,5243.0,0.012,39.81,44616626.0,17.348,29.1,6.211,3.857,13913.839,0.5,278.364,6.73,0.7,30.4,83.741,1.9,76.88,0.748,,,,
AND,Europe,Andorra,2021-12-03,18010.0,352.0,185.429,132.0,0.0,0.143,232825.71,4550.508,2397.143,1706.441,0.0,1.847,1.99,,,,,,,,,,232591.0,3006.839,,623.0,8.054,0.095,10.6,people tested,,,,,,,,,,,,,,51.85,77354.0,163.755,,,,,,109.135,7.97,29.0,37.8,,,83.73,0.868,,,,
AGO,Africa,Angola,2021-12-03,65223.0,15.0,13.286,1735.0,0.0,0.286,1922.077,0.442,0.392,51.129,0.0,0.008,0.65,,,,,,,,,,,,,,,,,,9847459.0,6774984.0,3072475.0,,,102644.0,29.02,19.97,9.05,,3025.0,63618.0,0.187,55.09,33933611.0,23.89,16.8,2.405,1.362,5819.495,,276.045,3.94,,,26.664,,61.15,0.581,,,,
AIA,North America,Anguilla,2021-12-01,,,,,,,,,,,,,,,,,,,,,,,,,,,,,,,19914.0,10038.0,9213.0,663.0,,74.0,131.66,66.37,60.91,4.38,4893.0,18.0,0.119,,15125.0,,,,,,,,,,,,,81.88,,,,,
ATG,North America,Antigua and Barbuda,2021-12-03,4146.0,5.0,0.714,117.0,0.0,0.0,41994.166,50.644,7.235,1185.074,0.0,0.0,0.43,,,,,,,,,,,,,,,,,,117637.0,61418.0,56219.0,,,218.0,119.15,62.21,56.94,,2208.0,63.0,0.064,,98728.0,231.845,32.1,6.933,4.631,21490.943,,191.511,13.17,,,,3.8,77.02,0.778,,,,
ARG,South America,Argentina,2021-12-03,5337692.0,2382.0,1950.429,116639.0,22.0,19.143,117039.703,52.23,42.767,2557.546,0.482,0.42,1.16,,,,,,,,,27752.0,26166076.0,573.744,0.609,31255.0,0.685,0.052,19.2,tests performed,69596446.0,36935562.0,30139250.0,2380528.0,326568.0,318286.0,152.6,80.99,66.09,5.22,6979.0,70734.0,0.155,,45605823.0,16.177,31.9,11.198,7.441,18933.907,0.6,191.032,5.5,16.2,27.7,,5.0,76.67,0.845,,,,
ARM,Asia,Armenia,2021-12-03,339977.0,399.0,424.571,7644.0,13.0,26.429,114542.567,134.428,143.044,2575.361,4.38,8.904,0.68,,,,,,,,,6484.0,2389456.0,805.038,2.185,6744.0,2.272,0.067,14.9,tests performed,1236264.0,799403.0,436861.0,,,17910.0,41.65,26.93,14.72,,6034.0,8645.0,0.291,,2968128.0,102.931,35.7,11.232,7.571,8787.58,1.8,341.01,7.11,1.5,52.1,94.043,4.2,75.09,0.776,,,,
ABW,North America,Aruba,2021-12-03,,,,,,,,,,,,,,,,,,,,,,,,,,,,,,,161913.0,83754.0,78159.0,,134.0,46.0,151.05,78.13,72.91,,429.0,21.0,0.02,41.67,107195.0,584.8,41.2,13.085,7.452,35973.781,,,11.62,,,,,76.29,,,,,
AUS,Oceania,Australia,2021-12-03,216587.0,1708.0,1405.429,2042.0,9.0,7.429,8398.681,66.232,54.499,79.183,0.349,0.288,1.04,,,,,,,,,187386.0,48083139.0,1864.539,7.266,151510.0,5.875,0.009,109.2,tests performed,39572839.0,20088965.0,18962130.0,521744.0,98274.0,80221.0,153.45,77.9,73.53,2.02,3111.0,19770.0,0.077,72.69,25788217.0,3.202,37.9,15.504,10.129,44648.71,0.5,107.791,5.07,13.0,16.5,,3.84,83.44,0.944,,,,
AUT,Europe,Austria,2021-12-03,1185982.0,6738.0,9264.0,12693.0,68.0,58.429,131148.132,745.101,1024.431,1403.616,7.52,6.461,0.88,623.0,68.893,2624.0,290.167,,,,,466309.0,111537645.0,12334.044,51.565,419117.0,46.347,0.024,41.7,tests performed,14327412.0,6387870.0,6025067.0,2253870.0,131305.0,102495.0,158.44,70.64,66.63,24.92,11334.0,10875.0,0.12,67.59,9043072.0,106.749,44.4,19.202,13.748,45436.686,0.7,145.183,6.35,28.4,30.9,,7.37,81.54,0.922,,,,
AZE,Asia,Azerbaijan,2021-12-03,593588.0,1703.0,1583.429,7929.0,24.0,23.143,58062.02,166.58,154.884,775.578,2.348,2.264,0.92,,,,,,,,,13341.0,5565190.0,544.361,1.305,10930.0,1.069,0.149,6.7,tests performed,10639817.0,5091635.0,4583569.0,964613.0,34841.0,30412.0,104.07,49.8,44.83,9.44,2975.0,3457.0,0.034,40.74,10223344.0,119.309,32.4,6.018,3.871,15847.419,,559.812,7.11,0.3,42.5,83.241,4.7,73.0,0.756,,,,
BHS,North America,Bahamas,2021-12-03,22825.0,16.0,15.0,695.0,10.0,3.429,57506.16,40.311,37.792,1751.009,25.194,8.638,0.97,,,,,,,,,335.0,169359.0,426.689,0.844,362.0,0.912,0.042,23.9,tests performed,280176.0,151709.0,138266.0,,,567.0,70.59,38.22,34.84,,1429.0,248.0,0.062,39.35,396914.0,39.497,34.3,8.996,5.2,27717.847,,235.954,13.17,3.1,20.4,,2.9,73.92,0.814,,,,
BHR,Asia,Bahrain,2021-12-03,277772.0,20.0,33.714,1394.0,0.0,0.0,158881.653,11.44,19.284,797.348,0.0,0.0,1.18,,,,,,,,,19876.0,7439950.0,4255.546,11.369,15392.0,8.804,0.002,477.4,units unclear,2960243.0,1189605.0,1161049.0,,11346.0,9398.0,169.32,68.04,66.41,,5376.0,348.0,0.02,32.41,1748295.0,1935.907,32.4,2.372,1.387,43290.705,,151.689,16.52,5.8,37.6,,2.0,77.29,0.852,,,,
BGD,Asia,Bangladesh,2021-12-03,1577070.0,243.0,235.143,27989.0,3.0,2.286,9483.084,1.461,1.414,168.301,0.018,0.014,1.01,,,,,,,,,21057.0,10907189.0,65.586,0.127,18113.0,0.109,0.013,77.2,tests performed,99871848.0,62612672.0,37259176.0,,1305730.0,1020252.0,60.05,37.65,22.4,,6135.0,795769.0,0.479,,166303494.0,1265.036,27.5,5.098,3.262,3523.984,14.8,298.003,8.38,1.0,44.7,34.808,0.8,72.59,0.632,,,,
BRB,North America,Barbados,2021-12-03,25792.0,165.0,146.143,234.0,1.0,1.571,89646.447,573.498,507.955,813.325,3.476,5.462,0.9,,,,,,,,,,,,,,,,,,290658.0,153670.0,136988.0,,313.0,239.0,101.03,53.41,47.61,,831.0,58.0,0.02,,287708.0,664.463,39.8,14.952,9.473,16978.068,,170.05,13.57,1.9,14.5,88.469,5.8,79.19,0.814,,,,
BLR,Europe,Belarus,2021-12-03,660204.0,1876.0,1676.0,5130.0,16.0,14.857,69915.63,198.668,177.488,543.267,1.694,1.573,0.94,,,,,,,,,,10452213.0,1106.89,,23197.0,2.457,0.071,14.0,tests performed,6331049.0,3618830.0,2712219.0,,,50763.0,67.05,38.32,28.72,,5376.0,29081.0,0.308,,9442867.0,46.858,40.3,14.799,9.788,17167.967,,443.129,5.18,10.5,46.1,,11.0,74.79,0.823,,,,
BEL,Europe,Belgium,2021-12-03,1827467.0,17910.0,17976.286,27167.0,47.0,46.714,157102.349,1539.674,1545.372,2335.473,4.04,4.016,1.25,722.0,62.068,3546.0,304.84,,,2199.0,189.022,134842.0,24994418.0,2148.702,11.592,119011.0,10.231,0.164,6.1,tests performed,17130672.0,8845136.0,8704891.0,1903959.0,2508.0,5276.0,147.27,76.04,74.83,16.37,454.0,2373.0,0.02,53.7,11632334.0,375.564,41.8,18.571,12.849,42658.576,0.2,114.898,4.29,25.1,31.4,,5.64,81.63,0.931,,,,
BLZ,North America,Belize,2021-12-03,30680.0,62.0,73.571,579.0,1.0,1.286,75768.989,153.119,181.696,1429.93,2.47,3.175,0.93,,,,,,,,,,347892.0,859.173,,1232.0,3.043,0.076,13.1,tests performed,412002.0,228517.0,195230.0,,,787.0,101.75,56.44,48.22,,1944.0,111.0,0.027,65.74,404915.0,16.426,25.0,3.853,2.279,7824.362,,176.957,17.11,,,90.083,1.3,74.62,0.716,,,,
BEN,Africa,Benin,2021-12-03,24863.0,0.0,1.857,161.0,0.0,0.0,1996.863,0.0,0.149,12.931,0.0,0.0,0.51,,,,,,,,,,,,,,,,,,,,,,,,,,,,,,,55.56,12451031.0,99.11,18.8,3.244,1.942,2064.236,49.6,235.848,0.99,0.6,12.3,11.035,0.5,61.77,0.545,,,,
BTN,Asia,Bhutan,2021-12-03,2640.0,0.0,0.857,3.0,0.0,0.0,3385.049,0.0,1.099,3.847,0.0,0.0,0.6,,,,,,,,,1940.0,1246083.0,1597.747,2.487,1451.0,1.86,0.001,1451.0,samples tested,1153555.0,589215.0,564340.0,,,39.0,147.91,75.55,72.36,,50.0,11.0,0.001,47.22,779900.0,21.188,28.6,4.885,2.977,8708.597,1.5,217.066,9.75,,,79.807,1.7,71.78,0.654,,,,
BOL,South America,Bolivia,2021-12-03,540869.0,1107.0,822.0,19205.0,9.0,9.714,45708.774,93.552,69.467,1623.012,0.761,0.821,1.16,,,,,,,,,8451.0,2808501.0,237.346,0.714,6655.0,0.562,0.129,7.8,tests performed,8691198.0,5109553.0,4190248.0,374712.0,41139.0,29770.0,73.45,43.18,35.41,3.17,2516.0,15717.0,0.133,33.8,11832936.0,10.202,25.4,6.704,4.393,6885.829,7.1,204.299,6.89,,,25.383,1.1,71.51,0.718,,,,
BIH,Europe,Bosnia and Herzegovina,2021-12-03,277228.0,680.0,632.857,12687.0,29.0,33.0,84949.129,208.368,193.922,3887.593,8.886,10.112,1.02,,,,,,,,,2806.0,1407341.0,431.242,0.86,3060.0,0.938,0.203,4.9,tests performed,,,,,,,,,,,,,,44.44,3263459.0,68.496,42.5,16.569,10.711,11713.895,0.2,329.635,10.08,30.2,47.7,97.164,3.5,77.4,0.78,,,,
BWA,Africa,Botswana,2021-12-03,195302.0,0.0,56.143,2419.0,0.0,0.429,81469.523,0.0,23.42,1009.077,0.0,0.179,0.55,,,,,,,,,,1869359.0,779.796,,1940.0,0.809,0.034,29.3,tests performed,1430084.0,921104.0,508980.0,,,9691.0,59.66,38.42,21.23,,4043.0,4740.0,0.198,13.89,2397240.0,4.044,25.8,3.941,2.242,15807.374,,237.372,4.81,5.7,34.4,,1.8,69.59,0.735,,,,
BRA,South America,Brazil,2021-12-03,22129409.0,10627.0,8825.571,615400.0,221.0,206.143,103411.623,49.66,41.242,2875.789,1.033,0.963,0.97,,,,,,,,,,65380088.0,305.524,,26949.0,0.126,,,tests performed,313665030.0,164457496.0,136438552.0,17665501.0,1714641.0,989021.0,146.58,76.85,63.76,8.26,4622.0,130099.0,0.061,,213993441.0,25.04,33.5,8.552,5.06,14103.452,3.4,177.961,8.11,10.1,17.9,,2.2,75.88,0.765,,,,
VGB,North America,British Virgin Islands,2021-12-03,,,,,,,,,,,,,,,,,,,,,,,,,,,,,,,34992.0,18288.0,16704.0,,,19.0,115.02,60.11,54.91,,625.0,7.0,0.023,,30423.0,207.973,,,,,,,13.67,,,,,79.07,,,,,
BRN,Asia,Brunei,2021-12-03,15142.0,31.0,32.0,98.0,1.0,0.143,34294.23,70.21,72.475,221.954,2.265,0.324,0.84,,,,,,,,,,,,,,,,,,754293.0,404070.0,350223.0,,1002.0,1422.0,170.84,91.52,79.32,,3221.0,235.0,0.053,79.63,441532.0,81.347,32.4,4.591,2.382,71809.251,,201.285,12.79,2.0,30.9,,2.7,75.86,0.838,,,,
BGR,Europe,Bulgaria,2021-12-03,701469.0,2289.0,2008.429,28769.0,113.0,110.429,101711.482,331.9,291.218,4171.443,16.385,16.012,0.84,783.0,113.533,6674.0,967.716,,,,,,6632158.0,961.649,,28411.0,4.12,0.072,13.9,tests performed,3390634.0,,1798188.0,,19809.0,15248.0,49.16,,26.07,,2211.0,,,43.52,6896655.0,65.18,44.7,20.801,13.272,18563.307,1.5,424.688,5.81,30.1,44.4,,7.454,75.05,0.816,,,,
BFA,Africa,Burkina Faso,2021-12-03,16000.0,0.0,69.429,286.0,0.0,3.0,744.287,0.0,3.23,13.304,0.0,0.14,0.07,,,,,,,,,,,,,,,,,,,,,,,,,,,,,,,,21497097.0,70.151,17.6,2.409,1.358,1703.102,43.7,269.048,2.42,1.6,23.9,11.877,0.4,61.58,0.452,,,,
BDI,Africa,Burundi,2021-12-03,20439.0,0.0,7.571,38.0,0.0,0.0,1667.751,0.0,0.618,3.101,0.0,0.0,0.8,,,,,,,,,,,,,,,,,,1711.0,814.0,914.0,,47.0,29.0,0.01,0.01,0.01,,2.0,6.0,0.0,8.33,12255429.0,423.062,17.5,2.562,1.504,702.225,71.7,293.068,6.05,,,6.144,0.8,61.58,0.433,,,,
KHM,Asia,Cambodia,2021-12-03,120207.0,24.0,24.143,2953.0,4.0,4.429,7093.346,1.416,1.425,174.255,0.236,0.261,0.68,,,,,,,,,,,,,,,,,,28843614.0,14159169.0,13414877.0,2322719.0,69118.0,43896.0,170.2,83.55,79.16,13.71,2590.0,5595.0,0.033,,16946446.0,90.672,25.6,4.412,2.385,3645.07,,270.892,4.0,2.0,33.7,66.229,0.8,69.82,0.594,,,,
CMR,Africa,Cameroon,2021-12-03,107148.0,0.0,50.571,1804.0,0.0,1.857,3935.754,0.0,1.858,66.264,0.0,0.068,0.72,,,,,,,,,,,,,,,,,,953375.0,777338.0,595316.0,,,13374.0,3.5,2.86,2.19,,491.0,10346.0,0.038,22.22,27224262.0,50.885,18.8,3.165,1.919,3364.926,23.8,244.661,7.2,,,2.735,1.3,59.29,0.563,,,,
CAN,North America,Canada,2021-12-03,1810825.0,3513.0,2892.286,29811.0,21.0,20.0,47568.276,92.282,75.977,783.1,0.552,0.525,1.07,454.0,11.926,1536.0,40.349,,,,,105069.0,49000664.0,1287.191,2.76,87497.0,2.298,0.032,31.0,tests performed,61813194.0,30700432.0,29079923.0,2032839.0,874552.0,214851.0,162.38,80.65,76.39,5.34,5644.0,66405.0,0.174,69.91,38067913.0,4.037,41.4,16.984,10.797,44017.591,0.5,105.599,7.37,12.0,16.6,,2.5,82.43,0.929,,,,
CPV,Africa,Cape Verde,2021-12-03,38426.0,21.0,10.429,351.0,1.0,0.286,68385.712,37.373,18.559,624.665,1.78,0.508,1.2,,,,,,,,,583.0,,,1.038,,,,,tests performed,544075.0,296998.0,246960.0,,,595.0,96.83,52.86,43.95,,1059.0,89.0,0.016,37.96,561901.0,135.58,25.7,4.46,3.437,6222.554,,182.219,2.42,2.1,16.5,,2.1,72.98,0.665,,,,
CYM,North America,Cayman Islands,2021-12-03,,,,,,,,,,,,,,,,,,,,,,,,,,,,,,,125717.0,58143.0,56187.0,,,383.0,189.05,87.44,84.49,,5760.0,44.0,0.066,,66498.0,256.496,,,,49903.029,,,13.22,,,,,83.92,,,,,
CAF,Africa,Central African Republic,2021-12-03,11742.0,0.0,4.857,101.0,0.0,0.0,2386.592,0.0,0.987,20.529,0.0,0.0,0.12,,,,,,,,,,,,,,,,,,,,,,,,,,,,,,,,4919987.0,7.479,18.3,3.655,2.251,661.24,,435.727,6.1,,,16.603,1.0,53.28,0.397,,,,
TCD,Africa,Chad,2021-12-03,5703.0,596.0,85.143,181.0,6.0,0.857,337.157,35.235,5.034,10.701,0.355,0.051,0.06,,,,,,,,,,,,,,,,,,258618.0,185794.0,72824.0,,,1432.0,1.53,1.1,0.43,,85.0,1033.0,0.006,,16914985.0,11.833,16.7,2.486,1.446,1768.153,38.4,280.995,6.1,,,5.818,,54.24,0.398,,,,
CHL,South America,Chile,2021-12-03,1768584.0,2091.0,2020.143,38439.0,36.0,27.714,92054.48,108.836,105.148,2000.743,1.874,1.443,0.93,,,,,,,,,79885.0,25482860.0,1326.378,4.158,65972.0,3.434,0.032,31.4,tests performed,41313356.0,16888965.0,16189202.0,8808328.0,99240.0,102144.0,215.04,87.91,84.26,45.85,5317.0,7525.0,0.039,35.65,19212362.0,24.282,35.4,11.087,6.938,22767.037,1.3,127.993,8.46,34.2,41.5,,2.11,80.18,0.851,,,,
CHN,Asia,China,2021-12-03,99160.0,90.0,67.857,4636.0,0.0,0.0,68.66,0.062,0.047,3.21,0.0,0.0,1.51,,,,,,,,,,,,,,,,,,2532799000.0,,1110506000.0,,8436000.0,8564571.0,175.38,,76.89,,5930.0,,,,1444216102.0,147.674,38.7,10.641,5.929,15308.712,0.7,261.899,9.74,1.9,48.4,,4.34,76.91,0.761,,,,
COL,South America,Colombia,2021-12-03,5076378.0,2299.0,2260.143,128685.0,42.0,48.857,99020.671,44.845,44.087,2510.151,0.819,0.953,0.99,,,,,,,,,46714.0,28149725.0,549.093,0.911,45179.0,0.881,0.057,17.5,tests performed,57886953.0,37900445.0,24884650.0,,365688.0,356477.0,112.92,73.93,48.54,,6953.0,267676.0,0.522,55.56,51265841.0,44.223,32.2,7.646,4.312,13254.949,4.5,124.24,7.44,4.7,13.5,65.386,1.71,77.29,0.767,,,,
COM,Africa,Comoros,2021-12-03,4527.0,6.0,6.429,150.0,0.0,0.0,5095.356,6.753,7.236,168.832,0.0,0.0,0.93,,,,,,,,,,,,,,,,,,523256.0,281946.0,241310.0,,,3350.0,58.89,31.73,27.16,,3771.0,271.0,0.031,,888456.0,437.352,20.4,2.963,1.726,1413.89,18.1,261.516,11.88,4.4,23.6,15.574,2.2,64.32,0.554,,,,
COG,Africa,Congo,2021-12-03,18970.0,0.0,19.0,354.0,0.0,0.714,3353.357,0.0,3.359,62.577,0.0,0.126,0.89,,,,,,,,,,,,,,,,,,651411.0,521700.0,129711.0,,,3229.0,11.52,9.22,2.29,,571.0,3132.0,0.055,35.19,5657017.0,15.405,19.0,3.402,2.063,4881.406,37.0,344.094,7.2,1.7,52.3,47.964,,64.57,0.574,,,,
CRI,North America,Costa Rica,2021-12-03,567383.0,120.0,117.571,7312.0,3.0,3.571,110406.139,23.351,22.878,1422.83,0.584,0.695,0.69,,,,,,,,,86.0,2104519.0,409.515,0.017,639.0,0.124,0.171,5.8,people tested,7137983.0,3887480.0,3215091.0,35412.0,,14815.0,138.9,75.65,62.56,0.69,2883.0,3872.0,0.075,,5139053.0,96.079,33.6,9.468,5.694,15524.995,1.3,137.973,8.78,6.4,17.4,83.841,1.13,80.28,0.81,,,,
CIV,Africa,Cote d'Ivoire,2021-12-03,61794.0,19.0,15.429,705.0,0.0,0.143,2284.13,0.702,0.57,26.059,0.0,0.005,1.04,,,,,,,,,2615.0,1156622.0,42.753,0.097,1989.0,0.074,0.008,126.6,samples tested,,,,,,,,,,,,,,,27053629.0,76.399,18.7,2.933,1.582,3601.006,28.2,303.74,2.42,,,19.351,,57.78,0.538,,,,
HRV,Europe,Croatia,2021-12-03,623776.0,4521.0,4185.857,11096.0,53.0,64.571,152824.208,1107.638,1025.529,2718.504,12.985,15.82,0.96,,,,,,,,,14252.0,3489551.0,854.935,3.492,11167.0,2.736,0.391,2.6,people tested,4201709.0,2198680.0,1960066.0,,22873.0,18281.0,102.94,53.87,48.02,,4479.0,5330.0,0.131,40.74,4081657.0,73.726,44.0,19.724,13.053,22669.797,0.7,253.782,5.59,34.3,39.9,,5.54,78.49,0.851,,,,
CUB,North America,Cuba,2021-12-03,962892.0,114.0,144.0,8306.0,1.0,1.0,85079.936,10.073,12.724,733.908,0.088,0.088,0.62,,,,,,,,,,,,,,,,,,28541948.0,10181265.0,9255012.0,,56374.0,63323.0,252.19,89.96,81.78,,5595.0,4621.0,0.041,21.3,11317498.0,110.408,43.1,14.738,9.719,,,190.968,8.27,17.1,53.3,85.198,5.2,78.8,0.783,,,,
CUW,North America,Curacao,2021-12-02,,,,,,,,,,,,,,,,,,,,,,,,,,,,,,,198229.0,102964.0,95265.0,,38.0,123.0,120.29,62.48,57.81,,746.0,53.0,0.032,,164796.0,362.644,41.7,16.367,10.068,,,,11.62,,,,,78.88,,,,,
CYP,Europe,Cyprus,2021-12-03,136097.0,594.0,592.286,599.0,1.0,1.143,151893.126,662.943,661.029,668.523,1.116,1.276,1.56,18.0,20.089,114.0,127.231,12.0,13.513,67.0,74.324,88694.0,16807455.0,18758.216,98.988,79481.0,88.706,0.007,137.7,tests performed,1339063.0,625138.0,585087.0,128838.0,,6963.0,149.45,69.77,65.3,14.38,7771.0,993.0,0.111,46.3,896005.0,127.657,37.3,13.416,8.563,32415.132,,141.171,9.24,19.6,52.7,,3.4,80.98,0.887,,,,
CZE,Europe,Czechia,2021-12-03,2211972.0,18683.0,17445.0,33450.0,133.0,115.286,206253.072,1742.077,1626.641,3119.011,12.401,10.75,1.08,988.0,92.125,6205.0,578.579,1480.0,138.022,9942.0,927.067,113330.0,,,10.567,111170.0,10.366,0.156,6.4,tests performed,13793658.0,6690412.0,6408291.0,1087641.0,93511.0,63173.0,128.62,62.38,59.75,10.14,5891.0,10167.0,0.095,35.19,10724553.0,137.176,43.3,19.027,11.58,32605.906,,227.485,6.82,30.5,38.3,,6.63,79.38,0.9,,,,
COD,Africa,Democratic Republic of Congo,2021-12-03,58319.0,0.0,29.143,1107.0,0.0,0.429,631.308,0.0,0.315,11.983,0.0,0.005,1.2,,,,,,,,,,,,,,,,,,193416.0,142913.0,56167.0,,,3661.0,0.21,0.15,0.06,,40.0,2641.0,0.003,39.81,92377986.0,35.879,17.0,3.02,1.745,808.133,77.1,318.949,6.1,,,4.472,,60.68,0.48,,,,
DNK,Europe,Denmark,2021-12-03,507138.0,4645.0,4500.714,2940.0,15.0,11.0,87237.511,799.03,774.21,505.737,2.58,1.892,1.14,51.0,8.773,435.0,74.828,,,487.0,83.809,191195.0,47639238.0,8194.867,32.889,178309.0,30.673,0.024,41.7,tests performed,9911854.0,4580168.0,4463547.0,914751.0,40420.0,32855.0,170.5,78.79,76.78,15.74,5652.0,3921.0,0.067,44.44,5813302.0,136.52,42.3,19.677,12.325,46682.515,0.2,114.767,6.41,19.3,18.8,,2.5,80.9,0.94,449.8,0.43,5.9,77.374
DJI,Africa,Djibouti,2021-12-03,13506.0,1.0,0.286,187.0,0.0,0.143,13476.392,0.998,0.285,186.59,0.0,0.143,0.25,,,,,,,,,,,,,,,,,,104475.0,78388.0,26087.0,,,600.0,10.42,7.82,2.6,,599.0,600.0,0.06,43.52,1002197.0,41.285,25.4,4.213,2.38,2705.406,22.5,258.037,6.05,1.7,24.5,,1.4,67.11,0.524,,,,
DMA,North America,Dominica,2021-12-03,6120.0,0.0,43.0,39.0,0.0,0.286,84797.428,0.0,595.799,540.376,0.0,3.959,1.19,,,,,,,,,,,,,,,,,,55760.0,28908.0,26852.0,,,50.0,77.26,40.05,37.21,,693.0,28.0,0.039,79.63,72172.0,98.567,,,,9673.367,,227.376,11.62,,,,3.8,75.0,0.742,,,,
DOM,North America,Dominican Republic,2021-12-03,407918.0,289.0,271.0,4212.0,2.0,1.429,37240.154,26.384,24.74,384.527,0.183,0.13,0.61,,,,,,,,,,,,,,,,,,13840602.0,6881125.0,5610578.0,1348899.0,7951.0,11544.0,126.36,62.82,51.22,12.31,1054.0,2822.0,0.026,41.67,10953714.0,222.873,27.6,6.981,4.419,14600.861,1.6,266.653,8.2,8.5,19.1,55.182,1.6,74.08,0.756,,,,
ECU,South America,Ecuador,2021-12-03,526870.0,0.0,348.286,33250.0,0.0,17.429,29453.043,0.0,19.47,1858.739,0.0,0.974,0.59,,,,,,,,,2199.0,1913525.0,106.97,0.123,3373.0,0.189,0.096,10.4,people tested,25309620.0,13796237.0,11501793.0,439649.0,109049.0,98616.0,141.49,77.12,64.3,2.46,5513.0,30835.0,0.172,57.87,17888474.0,66.939,28.1,7.104,4.458,10581.936,3.6,140.448,5.55,2.0,12.3,80.635,1.5,77.01,0.759,66804.3,46.32,6.31,3734.488
EGY,Africa,Egypt,2021-12-03,361368.0,933.0,933.143,20643.0,49.0,58.0,3466.083,8.949,8.95,197.999,0.47,0.556,1.0,,,,,,,,,,,,,,,,,,40644158.0,25927931.0,15515855.0,,729239.0,426479.0,38.98,24.87,14.88,,4091.0,261598.0,0.251,,104258327.0,97.999,25.3,5.159,2.891,10550.206,1.3,525.432,17.31,0.2,50.1,89.827,1.6,71.99,0.707,,,,
SLV,North America,El Salvador,2021-12-03,119803.0,0.0,251.714,3781.0,2.0,2.429,18378.922,0.0,38.615,580.041,0.307,0.373,0.36,,,,,,,,,,,,,,,,,,9179875.0,4428668.0,4059302.0,691905.0,47476.0,15091.0,140.83,67.94,62.27,10.61,2315.0,3016.0,0.046,,6518500.0,307.811,27.6,8.273,5.417,7292.458,2.2,167.295,8.87,2.5,18.8,90.65,1.3,73.32,0.673,,,,
GNQ,Africa,Equatorial Guinea,2021-12-03,13599.0,0.0,2.857,175.0,0.0,0.286,9379.326,0.0,1.971,120.699,0.0,0.197,0.88,,,,,,,,,,260533.0,179.691,,280.0,0.193,0.022,45.8,tests performed,446624.0,247933.0,198691.0,,,322.0,30.8,17.1,13.7,,222.0,132.0,0.009,,1449891.0,45.194,22.4,2.846,1.752,22604.873,,202.812,7.78,,,24.64,2.1,58.74,0.592,,,,
ERI,Africa,Eritrea,2021-12-03,7442.0,30.0,22.429,61.0,1.0,0.143,2066.383,8.33,6.228,16.938,0.278,0.04,1.25,,,,,,,,,,,,,,,,,,,,,,,,,,,,,,,62.04,3601462.0,44.304,19.3,3.607,2.171,1510.459,,311.11,6.05,0.2,11.4,,0.7,66.32,0.459,,,,
EST,Europe,Estonia,2021-12-03,224195.0,506.0,525.857,1810.0,2.0,4.143,169179.769,381.833,396.817,1365.844,1.509,3.126,0.79,33.0,24.902,296.0,223.365,24.0,18.059,188.0,142.215,5684.0,2360276.0,1781.088,4.289,5361.0,4.045,0.102,9.8,tests performed,1486018.0,830232.0,792635.0,,2041.0,1332.0,112.14,62.65,59.81,,1005.0,592.0,0.045,32.41,1325188.0,31.033,42.7,19.452,13.491,29481.252,0.5,255.569,4.02,24.5,39.3,,4.69,78.74,0.892,2684.5,9.05,32.43,2025.75
SWZ,Africa,Eswatini,2021-12-03,47158.0,241.0,90.571,1248.0,0.0,0.0,40224.537,205.567,77.255,1064.511,0.0,0.0,4.48,,,,,,,,,,,,,,,,,,306445.0,271668.0,260763.0,,,1007.0,26.14,23.17,22.24,,859.0,973.0,0.083,61.11,1172369.0,79.492,21.5,3.163,1.845,7738.975,,333.436,3.94,1.7,16.5,24.097,2.1,60.19,0.611,,,,
ETH,Africa,Ethiopia,2021-12-03,371946.0,143.0,126.857,6787.0,3.0,8.571,3155.395,1.213,1.076,57.577,0.025,0.073,0.8,,,,,,,,,6826.0,3871923.0,32.847,0.058,3891.0,0.033,0.034,29.7,tests performed,9767645.0,8317492.0,1450153.0,,211738.0,326872.0,8.29,7.06,1.23,,2773.0,323678.0,0.275,43.52,117876226.0,104.957,19.8,3.526,2.063,1729.927,26.7,182.634,7.47,0.4,8.5,7.96,0.3,66.6,0.485,,,,
FJI,Oceania,Fiji,2021-12-03,52543.0,11.0,7.0,697.0,0.0,0.143,58193.663,12.183,7.753,771.958,0.0,0.158,1.03,,,,,,,,,,,,,,,,,,1237108.0,651320.0,585788.0,,,2984.0,137.02,72.14,64.88,,3305.0,2226.0,0.247,,902899.0,49.562,28.6,6.224,3.284,8702.975,1.4,412.82,14.49,10.2,34.8,,2.3,67.44,0.743,,,,
FIN,Europe,Finland,2021-12-03,191226.0,1496.0,1277.429,1360.0,4.0,7.286,34465.313,269.629,230.235,245.117,0.721,1.313,1.25,45.0,8.111,322.0,58.035,,,,,22078.0,8009637.0,1443.604,3.979,18728.0,3.375,0.065,15.3,tests performed,8330115.0,4292778.0,4037337.0,,9163.0,4312.0,150.14,77.37,72.77,,777.0,1587.0,0.029,32.87,5548361.0,18.136,42.8,21.228,13.264,40585.721,,153.507,5.76,18.3,22.6,,3.28,81.91,0.938,,,,
FRA,Europe,France,2021-12-03,7927361.0,49871.0,39033.286,120440.0,129.0,88.857,117330.702,738.127,577.721,1782.599,1.909,1.315,1.49,1632.0,24.155,9381.0,138.846,958.0,14.186,4286.0,63.443,851425.0,,,12.602,589923.0,8.731,0.057,17.5,people tested,107043866.0,52031795.0,47303279.0,8760595.0,603458.0,423797.0,158.43,77.01,70.01,12.97,6273.0,20372.0,0.03,66.67,67564251.0,122.578,42.0,19.718,13.079,38605.671,,86.06,4.77,30.1,35.6,,5.98,82.66,0.901,,,,
PYF,Oceania,French Polynesia,2021-11-30,,,,,,,,,,,,,,,,,,,,,,,,,,,,,,,318790.0,162831.0,155959.0,,,527.0,112.83,57.63,55.2,,1865.0,216.0,0.076,,282534.0,77.324,32.7,7.775,4.593,,,,22.63,,,,,77.66,,,,,
GAB,Africa,Gabon,2021-12-03,37391.0,49.0,24.0,279.0,0.0,0.429,16407.988,21.502,10.532,122.431,0.0,0.188,0.79,,,,,,,,,3183.0,1394773.0,612.057,1.397,1743.0,0.765,0.015,66.3,samples tested,277979.0,166353.0,111626.0,,,2329.0,12.2,7.3,4.9,,1022.0,1977.0,0.087,50.0,2278829.0,7.859,23.1,4.45,2.976,16562.413,3.4,259.967,7.2,,,,6.3,66.47,0.703,,,,
GMB,Africa,Gambia,2021-12-03,9992.0,0.0,0.429,342.0,0.0,0.0,4017.794,0.0,0.172,137.519,0.0,0.0,0.38,,,,,,,,,,125061.0,50.287,,222.0,0.089,0.001,1552.4,samples tested,268008.0,236834.0,222890.0,,,52.0,10.78,9.52,8.96,,21.0,52.0,0.002,13.89,2486937.0,207.566,17.5,2.339,1.417,1561.767,10.1,331.43,1.91,0.7,31.2,7.876,1.1,62.05,0.496,,,,
GEO,Asia,Georgia,2021-12-03,857933.0,4100.0,3812.143,12258.0,67.0,64.0,215573.351,1030.21,957.879,3080.075,16.835,16.081,0.99,,,,,,,,,,,,,,,,,,2224629.0,1210371.0,1014258.0,,14503.0,11926.0,55.9,30.41,25.49,,2997.0,8669.0,0.218,46.3,3979773.0,65.032,38.7,14.864,10.244,9745.079,4.2,496.218,7.11,5.3,55.5,,2.6,73.77,0.812,,,,
DEU,Europe,Germany,2021-12-03,6134492.0,62193.0,56950.714,102951.0,378.0,309.714,73116.3,741.271,678.789,1227.061,4.505,3.691,1.12,4451.0,53.051,,,,,6070.0,72.349,,85712948.0,1021.603,,273660.0,3.262,0.212,4.7,tests performed,126621790.0,59764976.0,57323690.0,13020427.0,896309.0,742803.0,150.92,71.23,68.32,15.52,8853.0,83075.0,0.099,76.39,83900471.0,237.016,46.6,21.453,15.957,45229.245,,156.139,8.31,28.2,33.1,,8.0,81.33,0.947,,,,
GHA,Africa,Ghana,2021-12-03,130920.0,0.0,0.0,1209.0,0.0,0.0,4125.787,0.0,0.0,38.1,0.0,0.0,0.7,,,,,,,,,,,,,,,,,,3493688.0,2651463.0,842225.0,,,21226.0,11.01,8.36,2.65,,669.0,20808.0,0.066,40.74,31732128.0,126.719,21.1,3.385,1.948,4227.63,12.0,298.245,4.97,0.3,7.7,41.047,0.9,64.07,0.611,,,,
GIB,Europe,Gibraltar,2021-12-03,,,,,,,,,,,,,,,,,,,,,,,,,,,,,,,99749.0,40995.0,39823.0,18931.0,721.0,308.0,296.07,121.68,118.2,56.19,9142.0,12.0,0.036,,33691.0,3457.1,,,,,,,,,,,,79.93,,,,,
GRC,Europe,Greece,2021-12-03,957552.0,6201.0,6104.0,18427.0,102.0,92.571,92332.018,597.932,588.579,1776.825,9.835,8.926,1.0,,,,,325.0,31.347,3215.0,310.023,341227.0,37049509.0,3572.501,32.903,367964.0,35.481,0.017,59.7,samples tested,14598248.0,7095800.0,6644434.0,1574472.0,96938.0,78887.0,140.76,68.42,64.07,15.18,7607.0,13886.0,0.134,,10370747.0,83.479,45.3,20.396,14.524,24574.382,1.5,175.695,4.55,35.3,52.0,,4.21,82.24,0.888,,,,
GRL,North America,Greenland,2021-12-03,,,,,,,,,,,,,,,,,,,,,,,,,,,,,,,77808.0,40271.0,37537.0,,,19.0,136.82,70.81,66.01,,334.0,6.0,0.011,29.63,56868.0,0.137,,,,,,199.941,2.16,,,,,71.7,,,,,
GRD,North America,Grenada,2021-12-03,5900.0,0.0,2.286,200.0,0.0,0.0,52205.459,0.0,20.225,1769.677,0.0,0.0,0.66,,,,,,,,,,,,,,,,,,75154.0,40561.0,34593.0,,,123.0,66.5,35.89,30.61,,1088.0,57.0,0.05,,113015.0,317.132,29.4,7.304,5.021,13593.877,,243.964,10.71,,,,3.7,72.4,0.779,,,,
GTM,North America,Guatemala,2021-12-03,619040.0,313.0,286.143,15972.0,5.0,10.571,33920.245,17.151,15.679,875.184,0.274,0.579,0.83,,,,,,,,,5037.0,1631448.0,89.395,0.276,3467.0,0.19,0.151,6.6,people tested,10188787.0,6054099.0,4134688.0,,59590.0,49909.0,55.83,33.17,22.66,,2735.0,25354.0,0.139,39.81,18249868.0,157.834,22.9,4.694,3.016,7423.808,8.7,155.898,10.18,,,76.665,0.6,74.3,0.663,,,,
GGY,Europe,Guernsey,2021-11-22,,,,,,,,,,,,,,,,,,,,,,,,,,,,,,,104131.0,,,,,9.0,164.28,,,,142.0,,,,63385.0,,,,,,,,,,,,,,,,,,
GIN,Africa,Guinea,2021-12-03,30770.0,0.0,1.857,387.0,0.0,0.0,2279.726,0.0,0.138,28.673,0.0,0.0,0.73,,,,,,,,,,,,,,,,,,2459403.0,1658464.0,800939.0,,3808.0,3636.0,18.22,12.29,5.93,,269.0,2198.0,0.016,59.26,13497237.0,51.755,19.0,3.135,1.733,1998.926,35.3,336.717,2.42,,,17.45,0.3,61.6,0.477,,,,
GNB,Africa,Guinea-Bissau,2021-12-03,6444.0,2.0,0.714,149.0,1.0,0.429,3197.237,0.992,0.354,73.927,0.496,0.213,0.53,,,,,,,,,,,,,,,,,,368395.0,349317.0,19078.0,,,1429.0,18.28,17.33,0.95,,709.0,1317.0,0.065,,2015490.0,66.191,19.4,3.002,1.565,1548.675,67.1,382.474,2.42,,,6.403,,58.32,0.48,,,,
GUY,South America,Guyana,2021-12-03,38068.0,41.0,57.857,1001.0,3.0,2.286,48167.282,51.877,73.206,1266.561,3.796,2.892,0.93,,,,,,,,,,,,,,,,,,682779.0,402142.0,280637.0,,1676.0,1674.0,86.39,50.88,35.51,,2118.0,607.0,0.077,,790329.0,3.952,26.3,5.305,2.837,7435.047,,373.159,11.62,,,77.159,1.6,69.91,0.682,,,,
HTI,North America,Haiti,2021-12-03,25463.0,112.0,62.286,747.0,1.0,3.429,2206.177,9.704,5.397,64.722,0.087,0.297,1.19,,,,,,,,,,,,,,,,,,,,,,,,,,,,,,,64.81,11541683.0,398.448,24.3,4.8,2.954,1653.173,23.5,430.548,6.65,2.9,23.1,22.863,0.7,64.0,0.51,,,,
HND,North America,Honduras,2021-12-03,378251.0,392.0,56.0,10412.0,10.0,1.429,37588.316,38.955,5.565,1034.682,0.994,0.142,0.73,,,,,,,,,,,,,,,,,,7960942.0,4395843.0,,,,4460.0,79.11,43.68,,,443.0,40788.0,0.405,52.78,10062994.0,82.805,24.9,4.652,2.883,4541.795,16.0,240.208,7.21,2.0,,84.169,0.7,75.27,0.634,,,,
HKG,Asia,Hong Kong,2021-12-03,12448.0,3.0,3.857,213.0,0.0,0.0,1648.13,0.397,0.511,28.201,0.0,0.0,,,,,,,,,,,28195188.0,3733.078,,50567.0,6.695,0.0,16666.7,tests performed,9503197.0,4769896.0,4544134.0,,20273.0,19271.0,125.82,63.15,60.16,,2552.0,6050.0,0.08,52.78,7552800.0,7039.714,44.8,16.303,10.158,56054.92,,,8.33,,,,,84.86,0.949,,,,
HUN,Europe,Hungary,2021-12-03,1134869.0,10143.0,9425.857,35122.0,191.0,179.429,117796.338,1052.816,978.379,3645.569,19.825,18.624,1.15,,,6913.0,717.551,,,,,43276.0,8109139.0,841.707,4.492,37308.0,3.872,0.253,3.9,tests performed,14282270.0,6145984.0,5858119.0,2665330.0,,97748.0,148.25,63.79,60.81,27.67,10146.0,8359.0,0.087,19.44,9634162.0,108.043,43.4,18.577,11.976,26777.561,0.5,278.296,7.55,26.8,34.8,,7.02,76.88,0.854,,,,
ISL,Europe,Iceland,2021-12-03,18333.0,135.0,126.714,35.0,0.0,0.0,53392.94,393.173,369.042,101.934,0.0,0.0,1.03,,,21.0,61.16,2.0,5.492,8.0,21.97,2325.0,758828.0,2210.007,6.771,1919.0,5.589,,,tests performed,665013.0,285726.0,281402.0,153073.0,,3948.0,193.68,83.21,81.96,44.58,11498.0,62.0,0.018,33.33,343360.0,3.404,37.3,14.431,9.207,46482.958,0.2,117.992,5.31,14.3,15.2,,2.91,82.99,0.949,,,,
IND,Asia,India,2021-12-03,34624360.0,8603.0,8658.714,470530.0,415.0,371.0,24848.669,6.174,6.214,337.683,0.298,0.266,0.91,,,,,,,,,1157156.0,644668082.0,462.655,0.83,1080296.0,0.775,0.008,125.8,samples tested,1261728028.0,796283823.0,465444205.0,,5861617.0,7281421.0,90.55,57.15,33.4,,5226.0,2247545.0,0.161,45.83,1393409033.0,450.419,28.2,5.989,3.414,6426.674,21.2,282.28,10.39,1.9,20.6,59.55,0.53,69.66,0.645,,,,
IDN,Asia,Indonesia,2021-12-03,4257243.0,245.0,282.143,143858.0,8.0,8.857,15404.601,0.887,1.021,520.542,0.029,0.032,0.81,,,,,,,,,194099.0,37079997.0,134.172,0.702,188390.0,0.682,0.002,601.0,people tested,240654588.0,142030970.0,98623618.0,,1104662.0,1273498.0,87.08,51.39,35.69,,4608.0,573322.0,0.207,60.65,276361788.0,145.725,29.3,5.319,3.053,11188.744,5.7,342.864,6.32,2.8,76.1,64.204,1.04,71.72,0.718,,,,
IRN,Asia,Iran,2021-12-03,6129199.0,3603.0,3877.571,130066.0,78.0,86.286,72083.834,42.374,45.603,1529.671,0.917,1.015,0.82,,,,,,,,,109726.0,39093355.0,459.766,1.29,108830.0,1.28,0.037,27.4,tests performed,104781077.0,57385036.0,46522058.0,948168.0,171719.0,376550.0,123.23,67.49,54.71,1.12,4429.0,104441.0,0.123,69.91,85028760.0,49.831,32.4,5.44,3.182,19082.62,0.2,270.308,9.59,0.8,21.1,,1.5,76.68,0.783,255594.7,34.84,12.09,3005.979
IRQ,Asia,Iraq,2021-12-03,2083515.0,741.0,713.429,23867.0,8.0,14.571,50596.111,17.994,17.325,579.587,0.194,0.354,0.97,,,,,,,,,20789.0,16384117.0,397.872,0.505,18846.0,0.458,0.039,25.8,samples tested,12268675.0,7545538.0,4723137.0,,,94967.0,29.79,18.32,11.47,,2306.0,51828.0,0.126,38.89,41179351.0,88.125,20.0,3.186,1.957,15663.986,2.5,218.612,8.83,,,94.576,1.4,70.6,0.674,,,,
IRL,Europe,Ireland,2021-12-03,583472.0,5408.0,4563.429,5707.0,0.0,7.857,117094.77,1085.311,915.817,1145.316,0.0,1.577,1.06,117.0,23.48,566.0,113.588,42.0,8.46,443.0,88.832,31657.0,9085206.0,1823.275,6.353,31842.0,6.39,0.139,7.2,tests performed,8339577.0,3863948.0,3798451.0,913670.0,35792.0,30979.0,167.36,77.54,76.23,18.34,6217.0,1364.0,0.027,44.44,4982904.0,69.874,38.7,13.928,8.678,67335.293,0.2,126.459,3.28,23.0,25.7,,2.96,82.3,0.955,,,,
IMN,Europe,Isle of Man,2021-12-03,,,,,,,,,,,,,,,,,,,,,,,,,,,,,,,133194.0,68353.0,64841.0,,27.0,14.0,155.95,80.03,75.92,,164.0,10.0,0.012,,85410.0,147.872,,,,,,,,,,,,81.4,,,,,
ISR,Asia,Israel,2021-12-03,1345083.0,415.0,506.0,8199.0,0.0,2.429,144772.683,44.667,54.461,882.467,0.0,0.261,1.08,77.0,8.288,146.0,15.714,50.0,5.382,94.0,10.117,96152.0,32617549.0,3510.661,10.349,87248.0,9.391,0.006,170.6,tests performed,16229484.0,6356892.0,5779892.0,4092700.0,3473.0,12037.0,174.68,68.42,62.21,44.05,1296.0,7736.0,0.083,56.48,9291000.0,402.606,30.6,11.733,7.359,33132.32,0.5,93.32,6.74,15.4,35.4,,2.99,82.97,0.919,,,,
ITA,Europe,Italy,2021-12-03,5077445.0,17015.0,13631.857,134077.0,74.0,77.143,84108.957,281.857,225.815,2221.014,1.226,1.278,1.23,638.0,10.569,5602.0,92.798,391.0,6.472,2155.0,35.697,679462.0,120584972.0,1997.516,11.255,559411.0,9.267,0.024,42.5,tests performed,97959273.0,47333941.0,44128681.0,7992913.0,486599.0,382113.0,162.27,78.41,73.1,13.24,6330.0,30242.0,0.05,71.3,60367471.0,205.859,47.9,23.021,16.24,35220.084,2.0,113.151,4.78,19.8,27.8,,3.18,83.51,0.892,,,,
JAM,North America,Jamaica,2021-12-03,91369.0,65.0,49.0,2406.0,4.0,4.286,30728.155,21.86,16.479,809.158,1.345,1.441,0.82,,,,,,,,,704.0,674138.0,226.718,0.237,899.0,0.302,0.058,17.1,samples tested,1123483.0,676710.0,516958.0,,5087.0,3974.0,37.78,22.76,17.39,,1336.0,2565.0,0.086,78.7,2973462.0,266.879,31.4,9.684,6.39,8193.571,,206.537,11.28,5.3,28.6,66.425,1.7,74.47,0.734,,,,
JPN,Asia,Japan,2021-12-03,1727005.0,141.0,100.857,18360.0,1.0,1.0,13700.865,1.119,0.8,145.656,0.008,0.008,0.86,,,,,,,,,52722.0,26770951.0,212.382,0.418,46927.0,0.372,0.002,484.5,people tested,197423151.0,99861506.0,97558098.0,,164492.0,120965.0,156.62,79.22,77.4,,960.0,29665.0,0.024,44.44,126050796.0,347.778,48.2,27.049,18.493,39002.223,,79.37,5.72,11.2,33.7,,13.05,84.63,0.919,,,,
JEY,Europe,Jersey,2021-12-02,,,,,,,,,,,,,,,,,,,,,,,,,,,,,,,187228.0,79851.0,75335.0,,,292.0,185.24,79.0,74.54,,2889.0,21.0,0.021,,101073.0,,,,,,,,,,,,,,,,,,
JOR,Asia,Jordan,2021-12-03,963655.0,0.0,3862.286,11661.0,0.0,25.0,93840.971,0.0,376.11,1135.551,0.0,2.435,1.26,,,,,,,,,51029.0,12271386.0,1194.991,4.969,48094.0,4.683,0.092,10.8,tests performed,7912774.0,4150407.0,3762367.0,,2850.0,11855.0,77.05,40.42,36.64,,1154.0,5591.0,0.054,28.7,10269022.0,109.285,23.2,3.81,2.361,8337.49,0.1,208.257,11.75,,,,1.4,74.53,0.729,,,,
KAZ,Asia,Kazakhstan,2021-12-03,1057315.0,798.0,802.714,17895.0,24.0,18.571,55662.929,42.011,42.259,942.092,1.263,0.978,0.86,,,,,,,,,,,,,,,,,,16901396.0,8759935.0,8141461.0,,38872.0,26622.0,88.98,46.12,42.86,,1402.0,9937.0,0.052,71.3,18994958.0,6.681,30.6,6.991,4.625,24055.588,0.1,466.792,7.11,7.0,43.1,98.999,6.7,73.6,0.825,,,,
KEN,Africa,Kenya,2021-12-03,255355.0,95.0,64.429,5335.0,0.0,0.286,4644.025,1.728,1.172,97.025,0.0,0.005,1.09,,,,,,,,,,,,,,,,,,7417276.0,4819028.0,2877348.0,,111663.0,86605.0,13.49,8.76,5.23,,1575.0,59020.0,0.107,32.41,54985702.0,87.324,20.0,2.686,1.528,2993.028,36.8,218.637,2.92,1.2,20.4,24.651,1.4,66.7,0.601,,,,
KIR,Oceania,Kiribati,2021-12-03,2.0,0.0,0.0,,,0.0,16.476,0.0,0.0,,,0.0,,,,,,,,,,,,,,,,,,,82167.0,59492.0,22675.0,,,617.0,67.69,49.01,18.68,,5083.0,118.0,0.097,22.22,121388.0,143.701,23.2,3.895,2.21,1981.132,,434.657,22.66,35.9,58.9,,1.9,68.37,0.63,,,,
KWT,Asia,Kuwait,2021-12-03,413441.0,22.0,28.0,2465.0,0.0,0.0,95514.829,5.083,6.469,569.474,0.0,0.0,1.36,,,,,,,,,19262.0,5369734.0,1240.538,4.45,17237.0,3.982,0.002,618.8,tests performed,6578646.0,3304574.0,3165385.0,108687.0,,36209.0,151.98,76.34,73.13,2.51,8365.0,12350.0,0.285,40.74,4328553.0,232.128,33.7,2.345,1.114,65530.537,,132.235,15.84,2.7,37.0,,2.0,75.49,0.806,,,,
KGZ,Asia,Kyrgyzstan,2021-12-03,183510.0,50.0,52.857,2755.0,3.0,2.571,27685.636,7.543,7.974,415.639,0.453,0.388,0.9,,,,,,,,,,,,,,,,,,2051501.0,1135054.0,908079.0,,7756.0,9218.0,30.95,17.12,13.7,,1391.0,4863.0,0.073,43.52,6628347.0,32.333,26.3,4.489,2.882,3393.474,1.4,436.362,7.11,3.6,50.5,89.22,4.5,71.45,0.697,,,,
LAO,Asia,Laos,2021-12-03,77500.0,1004.0,1238.286,191.0,5.0,6.286,10502.269,136.055,167.804,25.883,0.678,0.852,1.06,,,,,,,,,,817520.0,110.785,,5464.0,0.74,0.223,4.5,people tested,5830021.0,3744740.0,3099003.0,,,18536.0,79.0,50.75,42.0,,2512.0,18953.0,0.257,80.56,7379358.0,29.715,24.4,4.029,2.322,6397.36,22.7,368.111,4.0,7.3,51.2,49.839,1.5,67.92,0.613,,,,
LVA,Europe,Latvia,2021-12-03,256125.0,723.0,731.286,4248.0,16.0,19.286,137190.174,387.266,391.704,2275.388,8.57,10.33,0.84,,,,,265.0,142.058,524.0,280.446,10106.0,5316255.0,2847.586,5.413,9102.0,4.875,0.082,12.2,tests performed,2216145.0,1281510.0,1204424.0,,4592.0,4886.0,118.71,68.64,64.51,,2617.0,1671.0,0.09,46.3,1866934.0,31.212,43.9,19.754,14.136,25063.846,0.7,350.06,4.91,25.6,51.0,,5.57,75.29,0.866,,,,
LBN,Asia,Lebanon,2021-12-03,675765.0,1765.0,1501.714,8755.0,10.0,8.857,99830.097,260.742,221.847,1293.368,1.477,1.308,1.27,,,,,,,,,,,,,,,,,,3652035.0,1944328.0,1707707.0,,7330.0,12218.0,53.95,28.72,25.23,,1805.0,6903.0,0.102,31.48,6769151.0,594.561,31.1,8.514,5.43,13367.565,,266.591,12.71,26.9,40.7,,2.9,78.93,0.744,,,,
LSO,Africa,Lesotho,2021-12-03,21838.0,31.0,11.857,663.0,0.0,0.143,10114.554,14.358,5.492,307.077,0.0,0.066,0.84,,,,,,,,,,,,,,,,,,,,,,,,,,,,,,,,2159067.0,73.562,22.2,4.506,2.647,2851.153,59.6,405.126,3.94,0.4,53.9,2.117,,54.33,0.527,,,,
LBR,Africa,Liberia,2021-12-03,5824.0,0.0,0.429,287.0,0.0,0.0,1124.279,0.0,0.083,55.403,0.0,0.0,0.23,,,,,,,,,,,,,,,,,,,,,,,,,,,,,,,40.74,5180208.0,49.127,19.2,3.057,1.756,752.788,38.6,272.509,2.42,1.5,18.1,1.188,0.8,64.1,0.48,,,,
LBY,Africa,Libya,2021-12-03,374280.0,541.0,499.0,5480.0,4.0,7.143,53787.16,77.746,71.71,787.522,0.575,1.026,1.04,,,,,,,,,4386.0,,,0.63,,,,,samples tested,2377003.0,1710472.0,666531.0,,,10616.0,34.16,24.58,9.58,,1526.0,6227.0,0.089,38.89,6958538.0,3.623,29.0,4.424,2.816,17881.509,,341.862,10.43,,,,3.7,72.91,0.724,,,,
LIE,Europe,Liechtenstein,2021-12-03,4862.0,53.0,55.0,62.0,0.0,0.143,127097.82,1385.476,1437.758,1620.746,0.0,3.734,1.37,,,,,,,8.0,206.468,231.0,80643.0,2108.093,6.039,373.0,9.751,0.157,6.4,tests performed,51795.0,25762.0,25165.0,1677.0,221.0,178.0,135.4,67.34,65.78,4.38,4653.0,12.0,0.031,36.11,38254.0,237.012,,,,,,,7.77,,,,2.397,82.49,0.919,,,,
LTU,Europe,Lithuania,2021-12-03,476354.0,2170.0,1684.571,6805.0,17.0,23.0,177092.356,806.733,626.267,2529.87,6.32,8.551,0.92,,,1242.0,461.734,,,,,25739.0,6441314.0,2394.663,9.569,20079.0,7.465,0.092,10.9,tests performed,3764004.0,1877832.0,1790298.0,350892.0,21301.0,13952.0,139.93,69.81,66.56,13.04,5187.0,1907.0,0.071,46.3,2689862.0,45.135,43.5,19.002,13.778,29524.265,0.7,342.989,3.67,21.3,38.0,,6.56,75.93,0.882,,,,
LUX,Europe,Luxembourg,2021-12-03,90774.0,438.0,380.857,880.0,1.0,2.0,142993.066,689.966,599.951,1386.233,1.575,3.151,1.27,10.0,15.753,60.0,94.516,,,40.0,62.29,5750.0,3699582.0,5827.82,9.058,4108.0,6.471,0.084,11.9,tests performed,917455.0,454957.0,429705.0,69045.0,24.0,3954.0,144.52,71.67,67.69,10.88,6229.0,386.0,0.061,46.3,634814.0,231.447,39.7,14.312,9.842,94277.965,0.2,128.275,4.42,20.9,26.0,,4.51,82.25,0.916,,,,
MAC,Asia,Macao,2021-12-03,,,,,,,,,,,,,,,,,,,,,,,,,,,,,,,926474.0,485553.0,440037.0,,2459.0,2862.0,140.72,73.75,66.84,,4347.0,505.0,0.077,32.41,658391.0,20546.766,39.2,9.798,4.991,104861.851,,,,,,,,84.24,,,,,
MDG,Africa,Madagascar,2021-12-03,44330.0,0.0,36.857,967.0,0.0,0.0,1559.415,0.0,1.297,34.017,0.0,0.0,0.73,,,,,,,,,,,,,,,,,,685440.0,532674.0,484570.0,,,8508.0,2.41,1.87,1.7,,299.0,8421.0,0.03,,28427333.0,43.951,19.6,2.929,1.686,1416.44,77.6,405.994,3.94,,,50.54,0.2,67.04,0.528,,,,
MWI,Africa,Malawi,2021-12-03,61949.0,13.0,9.0,2307.0,0.0,0.429,3152.993,0.662,0.458,117.418,0.0,0.022,1.25,,,,,,,,,,,,,,,,,,1450801.0,1175255.0,608389.0,,19151.0,8294.0,7.38,5.98,3.1,,422.0,8092.0,0.041,44.44,19647681.0,197.519,18.1,2.979,1.783,1095.042,71.4,227.349,3.94,4.4,24.7,8.704,1.3,64.26,0.483,,,,
MYS,Asia,Malaysia,2021-12-03,2649578.0,5551.0,5014.0,30538.0,17.0,42.571,80838.487,169.361,152.977,931.713,0.519,1.299,0.95,499.0,15.224,3972.0,121.186,,,,,145865.0,38145857.0,1163.828,4.45,119348.0,3.641,0.043,23.4,people tested,53875223.0,25846528.0,25420679.0,2798233.0,124697.0,108019.0,164.37,78.86,77.56,8.54,3296.0,4258.0,0.013,55.09,32776195.0,96.254,29.9,6.293,3.407,26808.164,0.1,260.942,16.74,1.0,42.4,,1.9,76.16,0.81,,,,
MDV,Asia,Maldives,2021-12-03,91993.0,100.0,102.714,251.0,0.0,0.429,169222.987,183.952,188.945,461.72,0.0,0.788,0.87,,,,,,,,,4383.0,1753085.0,3224.835,8.063,3937.0,7.242,0.028,35.7,samples tested,772883.0,395807.0,364229.0,12847.0,827.0,844.0,142.17,72.81,67.0,2.36,1553.0,40.0,0.007,,543620.0,1454.433,30.6,4.12,2.875,15183.616,,164.905,9.19,2.1,55.0,95.803,,78.92,0.74,,,,
MLI,Africa,Mali,2021-12-03,17698.0,126.0,68.429,613.0,2.0,1.571,848.592,6.042,3.281,29.392,0.096,0.075,1.15,,,,,,,,,,,,,,,,,,847067.0,708943.0,320681.0,,,31306.0,4.06,3.4,1.54,,1501.0,30919.0,0.148,44.44,20855724.0,15.196,16.4,2.519,1.486,2014.306,,268.024,2.42,1.6,23.0,52.232,0.1,59.31,0.434,,,,
MLT,Europe,Malta,2021-12-03,39806.0,138.0,105.571,468.0,0.0,0.0,77128.463,267.39,204.556,906.801,0.0,0.0,1.24,2.0,3.875,15.0,29.064,1.0,1.943,8.0,15.547,3254.0,1414893.0,2741.509,6.305,2618.0,5.073,0.037,26.8,tests performed,965802.0,435869.0,432477.0,127100.0,3124.0,3296.0,187.13,84.45,83.8,24.63,6386.0,86.0,0.017,43.52,516100.0,1454.037,42.4,19.426,11.324,36513.323,0.2,168.711,8.83,20.9,30.2,,4.485,82.53,0.895,,,,
MHL,Oceania,Marshall Islands,2021-12-03,4.0,0.0,0.0,,,0.0,67.094,0.0,0.0,,,0.0,,,,,,,,,,,,,,,,,,,,,,,,,,,,,,,,,59618.0,295.15,,,,3819.202,,557.793,30.53,,,82.502,2.7,73.7,0.704,,,,
MRT,Africa,Mauritania,2021-12-03,39468.0,60.0,61.857,837.0,2.0,1.143,8265.359,12.565,12.954,175.284,0.419,0.239,0.95,,,,,,,,,,,,,,,,,,1759659.0,1075584.0,684075.0,,,3202.0,36.85,22.52,14.33,,671.0,1919.0,0.04,38.89,4775110.0,4.289,20.3,3.138,1.792,3597.633,6.0,232.347,2.42,,,15.95,,64.92,0.546,,,,
MUS,Africa,Mauritius,2021-12-03,21040.0,0.0,0.0,240.0,0.0,0.0,16522.332,0.0,0.0,188.468,0.0,0.0,0.23,,,,,,,,,,,,,,,,,,1875132.0,916524.0,914936.0,,,12836.0,147.25,71.97,71.85,,10080.0,666.0,0.052,47.22,1273428.0,622.962,37.4,10.945,5.884,20292.745,0.5,224.644,22.02,3.2,40.7,,3.4,74.99,0.804,,,,
MEX,North America,Mexico,2021-12-03,3897452.0,6234.0,2516.571,294904.0,476.0,184.286,29920.049,47.857,19.319,2263.926,3.654,1.415,1.09,,,,,,,,,7402.0,11338570.0,87.044,0.057,11205.0,0.086,0.161,6.2,people tested,133256228.0,77366309.0,65166868.0,,415326.0,236442.0,102.3,59.39,50.03,,1815.0,171749.0,0.132,35.19,130262220.0,66.444,29.3,6.857,4.321,17336.469,2.5,152.783,13.06,6.9,21.4,87.847,1.38,75.05,0.779,,,,
FSM,Oceania,Micronesia (country),2021-12-03,1.0,0.0,0.0,,,0.0,8.602,0.0,0.0,,,0.0,,,,,,,,,,,,,,,,,,,,,,,,,,,,,,,,,116255.0,150.777,23.0,4.81,2.392,3299.464,16.0,454.343,12.02,,,,,67.88,0.62,,,,
MDA,Europe,Moldova,2021-12-03,365713.0,548.0,555.0,9192.0,30.0,24.286,90882.388,136.182,137.922,2284.28,7.455,6.035,0.85,,,,,,,,,,,,,,,,,,1641121.0,,943618.0,,5434.0,4511.0,40.78,,23.45,,1121.0,,,29.63,4024025.0,123.655,37.6,10.864,6.955,5189.972,0.2,408.502,5.72,5.9,44.6,86.979,5.8,71.9,0.75,,,,
MCO,Europe,Monaco,2021-12-03,3850.0,30.0,20.714,36.0,0.0,0.0,97419.028,759.109,524.147,910.931,0.0,0.0,1.69,,,,,,,,,,,,,,,,,,,,,,,,,,,,,,,,39520.0,19347.5,,,,,,,5.46,,,,13.8,86.75,,,,,
MNG,Asia,Mongolia,2021-12-03,383216.0,498.0,413.0,2013.0,5.0,4.571,115104.698,149.582,124.051,604.635,1.502,1.373,0.8,,,,,,,,,1777881.0,6211949.0,1865.852,534.013,258503.0,77.645,0.07,14.3,samples tested,4414208.0,2261289.0,2152919.0,,739.0,710.0,132.59,67.92,64.67,,213.0,228.0,0.007,37.04,3329282.0,1.98,28.6,4.031,2.421,11840.846,0.5,460.043,4.82,5.5,46.5,71.18,7.0,69.87,0.737,,,,
MNE,Europe,Montenegro,2021-12-03,158076.0,207.0,258.286,2322.0,8.0,5.857,251692.936,329.591,411.25,3697.152,12.738,9.326,0.77,,,,,,,,,,,,,,,,,,534238.0,276240.0,257998.0,,1315.0,1225.0,85.06,43.98,41.08,,1950.0,571.0,0.091,,628051.0,46.28,39.1,14.762,9.395,16409.288,1.0,387.305,10.08,44.0,47.9,,3.861,76.88,0.829,,,,
MAR,Africa,Morocco,2021-12-03,950374.0,151.0,120.286,14784.0,2.0,1.571,25448.639,4.043,3.221,395.879,0.054,0.042,1.01,,,,,,,,,9673.0,9517976.0,254.868,0.259,12599.0,0.337,0.01,104.4,people tested,48851348.0,24517118.0,22764566.0,,68921.0,28833.0,130.81,65.65,60.96,,772.0,4005.0,0.011,67.59,37344787.0,80.08,29.6,6.769,4.209,7485.013,1.0,419.146,7.14,0.8,47.1,,1.1,76.68,0.686,,,,
MOZ,Africa,Mozambique,2021-12-03,151763.0,111.0,35.429,1941.0,0.0,0.143,4718.552,3.451,1.102,60.349,0.0,0.004,1.69,,,,,,,,,1270.0,970816.0,30.184,0.039,1032.0,0.032,0.005,195.2,units unclear,10503956.0,6572756.0,3931200.0,,,101370.0,32.66,20.44,12.22,,3152.0,40362.0,0.125,48.15,32163045.0,37.728,17.7,3.158,1.87,1136.103,62.9,329.942,3.3,5.1,29.1,12.227,0.7,60.85,0.456,,,,
MMR,Asia,Myanmar,2021-12-03,523748.0,402.0,434.571,19127.0,7.0,8.571,9556.396,7.335,7.929,348.995,0.128,0.156,0.77,,,,,,,,,,,,,,,,,,28100411.0,16485315.0,11615096.0,,,318748.0,51.27,30.08,21.19,,5816.0,156349.0,0.285,72.22,54806014.0,81.721,29.1,5.732,3.12,5591.597,6.4,202.104,4.61,6.3,35.2,79.287,0.9,67.13,0.583,,,,
NAM,Africa,Namibia,2021-12-03,129508.0,265.0,51.0,3573.0,0.0,0.143,50054.419,102.422,19.711,1380.953,0.0,0.055,1.42,,,,,,,,,1939.0,793171.0,306.558,0.749,1542.0,0.596,0.011,92.3,samples tested,674589.0,366698.0,307891.0,,,3094.0,26.07,14.17,11.9,,1196.0,1430.0,0.055,25.0,2587344.0,3.078,22.0,3.552,2.085,9541.808,13.4,243.811,3.94,9.7,34.2,44.6,,63.71,0.646,,,,
NPL,Asia,Nepal,2021-12-03,822172.0,223.0,235.0,11535.0,0.0,2.429,27705.955,7.515,7.919,388.712,0.0,0.082,0.85,,,,,,,,,6400.0,4649390.0,156.677,0.216,7129.0,0.24,0.032,30.8,tests performed,18317508.0,9879648.0,8437860.0,,,160162.0,61.73,33.29,28.43,,5397.0,96209.0,0.324,57.87,29674920.0,204.43,25.0,5.809,3.212,2442.804,15.0,260.797,7.26,9.5,37.8,47.782,0.3,70.78,0.602,,,,
NLD,Europe,Netherlands,2021-12-03,2747752.0,21596.0,21604.429,20036.0,62.0,52.857,160003.317,1257.549,1258.039,1166.709,3.61,3.078,1.01,551.0,32.085,2091.0,121.76,362.0,21.083,1969.0,114.663,,16097710.0,937.38,,67803.0,3.948,0.184,5.4,people tested,24693092.0,13250117.0,12721528.0,,,29316.0,143.79,77.16,74.08,,1707.0,4687.0,0.027,56.48,17173094.0,508.544,43.2,18.779,11.881,48472.545,,109.361,5.29,24.4,27.3,,3.32,82.28,0.944,23737.1,8.11,30.97,1382.226
NCL,Oceania,New Caledonia,2021-11-30,,,,,,,,,,,,,,,,,,,,,,,,,,,,,,,350362.0,181074.0,169288.0,,,404.0,121.56,62.83,58.74,,1402.0,185.0,0.064,,288217.0,15.342,33.4,9.954,6.489,,,,23.36,,,,,77.55,,,,,
NZL,Oceania,New Zealand,2021-12-03,12088.0,95.0,139.0,44.0,0.0,0.286,2359.739,18.545,27.135,8.589,0.0,0.056,0.99,,,,,,,,,31780.0,5005959.0,977.23,6.204,27660.0,5.4,0.005,187.9,tests performed,7697472.0,3918113.0,3667724.0,111635.0,41077.0,34316.0,150.26,76.49,71.6,2.18,6699.0,6506.0,0.127,78.24,5122600.0,18.206,37.9,15.322,9.72,36085.843,,128.797,8.08,14.8,17.2,,2.61,82.29,0.931,,,,
NIC,North America,Nicaragua,2021-12-03,17254.0,0.0,14.571,213.0,0.0,0.143,2574.31,0.0,2.174,31.78,0.0,0.021,1.17,,,,,,,,,,,,,,,,,,6376188.0,4053890.0,2322298.0,,,28589.0,95.13,60.48,34.65,,4266.0,17622.0,0.263,,6702379.0,51.667,27.3,5.445,3.519,5321.444,3.2,137.016,11.47,,,,0.9,74.48,0.66,,,,
NER,Africa,Niger,2021-12-03,7061.0,5.0,20.0,261.0,0.0,1.429,280.97,0.199,0.796,10.386,0.0,0.057,1.03,,,,,,,,,,,,,,,,,,971636.0,507223.0,464413.0,,,614.0,3.87,2.02,1.85,,24.0,81.0,0.0,16.67,25130810.0,16.955,15.1,2.553,1.378,926.0,44.5,238.339,2.42,0.1,15.4,8.978,0.3,62.42,0.394,,,,
NGA,Africa,Nigeria,2021-12-03,214513.0,243.0,90.0,2980.0,2.0,0.714,1014.722,1.149,0.426,14.096,0.009,0.003,1.02,,,,,,,,,,3580510.0,16.937,,14404.0,0.068,0.005,192.4,samples tested,10119982.0,6524582.0,3595400.0,,206134.0,39114.0,4.79,3.09,1.7,,185.0,27802.0,0.013,47.22,211400704.0,209.588,18.1,2.751,1.447,5338.454,,181.013,2.42,0.6,10.8,41.949,,54.69,0.539,,,,
MKD,Europe,North Macedonia,2021-12-03,216670.0,342.0,351.0,7616.0,7.0,15.0,104035.174,164.213,168.534,3656.86,3.361,7.202,0.92,,,,,,,,,,1473482.0,707.5,,2955.0,1.419,0.123,8.1,tests performed,1675793.0,885888.0,789905.0,63137.0,,2806.0,80.46,42.54,37.93,3.03,1347.0,2185.0,0.105,,2082661.0,82.6,39.1,13.26,8.16,13111.214,5.0,322.688,10.08,,,,4.28,75.8,0.774,,,,
NOR,Europe,Norway,2021-12-03,279954.0,4191.0,3235.0,1093.0,0.0,6.143,51220.82,766.792,591.881,199.977,0.0,1.124,1.22,,,221.0,40.435,35.0,6.334,156.0,28.504,21923.0,8555309.0,1565.293,4.011,18200.0,3.33,0.159,6.3,people tested,8799704.0,4245806.0,3850609.0,703289.0,60994.0,31886.0,161.0,77.68,70.45,12.87,5834.0,1141.0,0.021,34.72,5465629.0,14.462,39.7,16.821,10.813,64800.057,0.2,114.316,5.31,19.6,20.7,,3.6,82.4,0.957,,,,
OMN,Asia,Oman,2021-12-03,304581.0,0.0,8.857,4113.0,0.0,0.0,58311.138,0.0,1.696,787.422,0.0,0.0,1.27,,,,,,,,,,,,,,,,,,5934585.0,3310409.0,2828176.0,,,7995.0,113.62,63.38,54.14,,1531.0,15770.0,0.302,39.81,5223376.0,14.98,30.7,2.355,1.53,37960.709,,266.342,12.61,0.5,15.6,97.4,1.6,77.86,0.813,,,,
PAK,Asia,Pakistan,2021-12-03,1286453.0,431.0,366.714,28761.0,8.0,8.143,5712.493,1.914,1.628,127.713,0.036,0.036,0.97,,,,,,,,,46457.0,22118750.0,98.218,0.206,40951.0,0.182,0.009,108.1,tests performed,124760553.0,81076341.0,51163078.0,,706253.0,387422.0,55.4,36.0,22.72,,1720.0,190125.0,0.084,,225199929.0,255.573,23.5,4.495,2.78,5034.708,4.0,423.031,8.35,2.8,36.7,59.607,0.6,67.27,0.557,,,,
PLW,Oceania,Palau,2021-12-03,8.0,0.0,0.0,,,0.0,440.189,0.0,0.0,,,0.0,,,,,,,,,,,,,,,,,,,,,,,,,,,,,,,,,18174.0,47.237,,,,13240.405,,,15.89,7.7,22.7,,4.8,73.7,0.826,,,,
PSE,Asia,Palestine,2021-12-03,461467.0,310.0,284.0,4810.0,4.0,3.0,88356.99,59.356,54.377,920.97,0.766,0.574,1.47,,,,,,,,,5036.0,,,0.964,3045.0,0.583,0.07,14.4,tests performed,3024477.0,1910794.0,1365858.0,,,7128.0,57.91,36.59,26.15,,1365.0,3512.0,0.067,25.0,5222756.0,778.202,20.4,3.043,1.726,4449.898,1.0,265.91,10.59,,,,,74.05,0.708,,,,
PAN,North America,Panama,2021-12-03,478543.0,268.0,206.714,7371.0,1.0,1.571,109216.92,61.165,47.178,1682.269,0.228,0.359,1.06,,,,,,,,,7345.0,4248132.0,969.543,1.676,5898.0,1.346,0.035,28.2,tests performed,5633745.0,3009584.0,2433838.0,190323.0,6824.0,4547.0,128.58,68.69,55.55,4.34,1038.0,706.0,0.016,35.19,4381583.0,55.133,29.7,7.918,5.03,22267.037,2.2,128.346,8.33,2.4,9.9,,2.3,78.51,0.815,,,,
PNG,Oceania,Papua New Guinea,2021-12-03,35390.0,36.0,69.143,550.0,0.0,1.143,3880.906,3.948,7.582,60.314,0.0,0.125,0.77,,,,,,,,,,,,,,,,,,467166.0,269366.0,197800.0,,,3897.0,5.12,2.95,2.17,,427.0,1832.0,0.02,69.44,9119005.0,18.22,22.6,3.808,2.142,3823.194,,561.494,17.65,23.5,48.8,,,64.5,0.555,,,,
PRY,South America,Paraguay,2021-12-03,463199.0,0.0,84.857,16475.0,0.0,15.429,64158.176,0.0,11.754,2281.969,0.0,2.137,1.42,,,,,,,,,2522.0,1958942.0,271.335,0.349,2442.0,0.338,0.039,25.7,tests performed,6216388.0,3395632.0,2703605.0,117151.0,,28254.0,86.1,47.03,37.45,1.62,3913.0,10084.0,0.14,35.19,7219641.0,17.144,26.5,6.378,3.833,8827.01,1.7,199.128,8.27,5.0,21.6,79.602,1.3,74.25,0.728,,,,
PER,South America,Peru,2021-12-03,2241027.0,1606.0,1407.429,201326.0,44.0,42.857,67178.246,48.142,42.19,6035.058,1.319,1.285,1.05,,,,,,,,,,,,,,,,,,42111301.0,22542649.0,18576645.0,992007.0,124134.0,251212.0,126.24,67.58,55.69,2.97,7530.0,53758.0,0.161,66.67,33359415.0,25.129,29.1,7.151,4.455,12236.706,3.5,85.755,5.95,4.8,,,1.6,76.74,0.777,232414.7,97.12,13.88,6966.99
PHL,Asia,Philippines,2021-12-03,2833878.0,405.0,498.714,48987.0,235.0,138.571,25519.648,3.647,4.491,441.138,2.116,1.248,0.55,,,,,,,,,32702.0,22859409.0,205.854,0.294,32763.0,0.295,0.019,52.4,people tested,90214170.0,,37334887.0,421406.0,1143878.0,1622632.0,81.24,,33.62,0.38,14612.0,,,33.33,111046910.0,351.873,25.2,4.803,2.661,7599.188,,370.437,7.07,7.8,40.8,78.463,1.0,71.23,0.718,,,,
POL,Europe,Poland,2021-12-03,3623452.0,26961.0,23198.0,85126.0,470.0,359.857,95866.127,713.311,613.752,2252.189,12.435,9.521,1.11,,,20067.0,530.915,,,,,107963.0,24764134.0,655.188,2.856,93103.0,2.463,0.25,4.0,people tested,42488461.0,20938216.0,20500035.0,3492653.0,261695.0,161245.0,112.41,55.4,54.24,9.24,4266.0,23840.0,0.063,41.67,37797000.0,124.027,41.8,16.763,10.202,27216.445,,227.331,5.91,23.3,33.1,,6.62,78.73,0.88,,,,
PRT,Europe,Portugal,2021-12-03,1157352.0,2535.0,2986.571,18492.0,21.0,14.143,113823.836,249.313,293.725,1818.661,2.065,1.391,1.29,104.0,10.228,764.0,75.138,,,97.0,9.518,67591.0,21467679.0,2111.314,6.647,78866.0,7.756,0.04,25.3,tests performed,,,,1345576.0,,,,,,13.23,,,,40.74,10167923.0,112.371,46.2,21.502,14.924,27936.896,0.5,127.842,9.85,16.3,30.0,,3.39,82.05,0.864,,,,
QAT,Asia,Qatar,2021-12-03,243912.0,154.0,155.429,611.0,0.0,0.0,83231.531,52.55,53.038,208.495,0.0,0.0,1.03,,,,,,,,,,,,,,,,,,5004650.0,,,,8147.0,6946.0,170.78,,,,2370.0,,,55.56,2930524.0,227.322,31.9,1.307,0.617,116935.6,,176.69,16.52,0.8,26.9,,1.2,80.23,0.848,,,,
ROU,Europe,Romania,2021-12-03,1783630.0,1673.0,1397.857,56890.0,206.0,128.714,93248.184,87.464,73.08,2974.209,10.77,6.729,0.53,1212.0,63.363,,,,,,,,16108574.0,842.156,,27370.0,1.431,0.05,20.1,tests performed,14996944.0,7766483.0,7463963.0,,44826.0,49486.0,78.4,40.6,39.02,,2587.0,36902.0,0.193,53.7,19127772.0,85.129,43.0,17.85,11.69,23313.199,5.7,370.946,9.74,22.9,37.1,,6.892,76.05,0.828,,,,
RUS,Europe,Russia,2021-12-03,9565909.0,32316.0,32619.143,273463.0,1184.0,1189.857,65559.43,221.476,223.553,1874.164,8.114,8.155,0.96,,,,,,,,,,226816446.0,1554.474,,546729.0,3.747,0.06,16.7,tests performed,128989824.0,67472564.0,57873182.0,4671320.0,543523.0,655686.0,88.4,46.24,39.66,3.2,4494.0,231586.0,0.159,,145912022.0,8.823,39.6,14.178,9.393,24765.954,0.1,431.297,6.18,23.4,58.3,,8.05,72.58,0.824,,,,
RWA,Africa,Rwanda,2021-12-03,100391.0,10.0,11.429,1343.0,0.0,0.286,7561.546,0.753,0.861,101.156,0.0,0.022,0.7,,,,,,,,,8482.0,3497196.0,263.412,0.639,12838.0,0.967,0.001,1175.9,samples tested,9440343.0,5987745.0,3452598.0,,,86473.0,71.11,45.1,26.01,,6513.0,30439.0,0.229,49.07,13276517.0,494.869,20.3,2.974,1.642,1854.211,56.0,191.375,4.28,4.7,21.0,4.617,,69.02,0.543,,,,
KNA,North America,Saint Kitts and Nevis,2021-12-03,2789.0,2.0,1.714,28.0,0.0,0.0,52086.057,37.351,32.015,522.915,0.0,0.0,0.66,,,,,,,,,87.0,56774.0,1060.285,1.625,83.0,1.55,0.022,44.7,people tested,52924.0,27927.0,24997.0,,,119.0,98.84,52.16,46.68,,2222.0,88.0,0.164,,53546.0,212.865,,,,24654.385,,,12.84,,,,2.3,76.23,0.779,,,,
LCA,North America,Saint Lucia,2021-12-03,13027.0,10.0,10.429,282.0,2.0,0.286,70644.953,54.23,56.554,1529.276,10.846,1.549,0.94,,,,,,,,,,,,,,,,,,101504.0,54623.0,46881.0,,159.0,191.0,55.05,29.62,25.42,,1036.0,65.0,0.035,,184401.0,293.187,34.9,9.721,6.405,12951.839,,204.62,11.62,,,87.202,1.3,76.2,0.759,,,,
VCT,North America,Saint Vincent and the Grenadines,2021-12-03,5579.0,0.0,11.286,74.0,0.0,0.0,50139.751,0.0,101.427,665.055,0.0,0.0,0.96,,,,,,,,,,90815.0,816.175,,153.0,1.375,0.108,9.2,tests performed,55617.0,31580.0,23193.0,,635.0,259.0,49.98,28.38,20.84,,2328.0,123.0,0.111,,111269.0,281.787,31.8,7.724,4.832,10727.146,,252.675,11.62,,,,2.6,72.53,0.738,,,,
WSM,Oceania,Samoa,2021-12-03,3.0,0.0,0.0,,,0.0,14.989,0.0,0.0,,,0.0,,,,,,,,,,,,,,,,,,,248729.0,139865.0,108864.0,,,1682.0,124.28,69.88,54.39,,8404.0,174.0,0.087,,200144.0,69.413,22.0,5.606,3.564,6021.557,,348.977,9.21,16.7,38.1,,,73.32,0.715,,,,
SMR,Europe,San Marino,2021-12-03,6148.0,30.0,31.143,93.0,0.0,0.0,180770.362,882.094,915.697,2734.49,0.0,0.0,1.55,,,,,,,,,,,,,,,,,,47834.0,25455.0,22379.0,,,3.0,140.65,74.85,65.8,,88.0,3.0,0.009,37.96,34010.0,556.667,,,,56861.47,,,5.64,,,,3.8,84.97,,,,,
STP,Africa,Sao Tome and Principe,2021-12-03,3732.0,0.0,0.143,56.0,0.0,0.0,16708.154,0.0,0.64,250.712,0.0,0.0,0.17,,,,,,,,,,,,,,,,,,121357.0,83283.0,38074.0,,,1134.0,54.33,37.29,17.05,,5077.0,176.0,0.079,,223364.0,212.841,18.7,2.886,2.162,3052.714,32.3,270.113,2.42,,,41.34,2.9,70.39,0.625,,,,
SAU,Asia,Saudi Arabia,2021-12-03,549848.0,38.0,29.429,8840.0,1.0,1.429,15558.501,1.075,0.833,250.137,0.028,0.04,0.89,,,,,,,,,40358.0,31610540.0,894.452,1.142,41605.0,1.177,0.001,1516.8,tests performed,47536454.0,24643207.0,22526908.0,,5077.0,38714.0,134.51,69.73,63.74,,1095.0,10708.0,0.03,51.85,35340680.0,15.322,31.9,3.295,1.845,49045.411,,259.538,17.72,1.8,25.4,,2.7,75.13,0.854,,,,
SEN,Africa,Senegal,2021-12-03,74007.0,11.0,4.571,1886.0,0.0,0.143,4303.656,0.64,0.266,109.675,0.0,0.008,1.08,,,,,,,,,990.0,892134.0,51.879,0.058,1145.0,0.067,0.003,397.7,tests performed,1910830.0,1321923.0,924182.0,,,1842.0,11.11,7.69,5.37,,107.0,1288.0,0.007,21.3,17196308.0,82.328,18.7,3.008,1.796,2470.58,38.0,241.219,2.42,0.4,16.6,20.859,,67.94,0.512,,,,
SRB,Europe,Serbia,2021-12-03,1260806.0,1801.0,2042.571,11837.0,45.0,50.429,183482.118,262.095,297.251,1722.611,6.549,7.339,0.76,172.0,24.898,3681.0,532.843,,,,,15248.0,6845489.0,996.208,2.219,14551.0,2.118,0.146,6.9,people tested,7940609.0,3269036.0,3131587.0,1539973.0,22170.0,19939.0,115.56,47.57,45.57,22.41,2902.0,2534.0,0.037,38.89,6871547.0,80.291,41.2,17.366,,14048.881,,439.415,10.08,37.7,40.2,97.719,5.609,76.0,0.806,,,,
SYC,Africa,Seychelles,2021-12-03,23599.0,62.0,57.429,127.0,0.0,0.286,238590.638,626.832,580.614,1283.996,0.0,2.889,1.35,,,,,,,,,,,,,,,,,,179462.0,81937.0,77951.0,,,260.0,181.44,82.84,78.81,,2629.0,15.0,0.015,69.44,98910.0,208.354,36.2,8.606,5.586,26382.287,1.1,242.648,10.55,7.1,35.7,,3.6,73.4,0.796,,,,
SLE,Africa,Sierra Leone,2021-12-03,6402.0,0.0,0.143,121.0,0.0,0.0,786.357,0.0,0.018,14.862,0.0,0.0,0.01,,,,,,,,,,,,,,,,,,868726.0,703231.0,361089.0,,,7744.0,10.67,8.64,4.44,,951.0,6224.0,0.076,29.63,8141343.0,104.7,19.1,2.538,1.285,1390.3,52.2,325.721,2.42,8.8,41.3,19.275,,54.7,0.452,,,,
SGP,Asia,Singapore,2021-12-03,267916.0,766.0,1148.714,744.0,9.0,8.571,49126.449,140.458,210.634,136.424,1.65,1.572,0.66,,,,,,,,,,,,,,,,,,,,,,,,,,,,,,,44.44,5453600.0,7915.731,42.4,12.922,7.049,85535.383,,92.243,10.99,5.2,28.3,,2.4,83.62,0.938,,,,
SXM,North America,Sint Maarten (Dutch part),2021-12-03,,,,,,,,,,,,,,,,,,,,,,,,,,,,,,,51856.0,26935.0,24921.0,,,34.0,119.43,62.03,57.39,,783.0,14.0,0.032,,43421.0,1209.088,,,,36327.232,,,,,,,,78.95,,,,,
SVK,Europe,Slovakia,2021-12-03,1209977.0,17538.0,11253.0,14696.0,90.0,74.143,221578.047,3211.661,2060.715,2691.217,16.481,13.577,1.1,291.0,53.29,3219.0,589.482,,,,,42673.0,44998176.0,8240.328,7.815,63758.0,11.676,0.168,6.0,tests performed,5001505.0,2651783.0,2349722.0,,25.0,4093.0,91.59,48.56,43.03,,750.0,3253.0,0.06,,5460726.0,113.128,41.2,15.07,9.167,30155.152,0.7,287.959,7.29,23.1,37.7,,5.82,77.54,0.86,,,,
SVN,Europe,Slovenia,2021-12-03,427035.0,1747.0,1910.143,5272.0,17.0,18.571,205431.411,840.42,918.902,2536.172,8.178,8.934,0.82,284.0,136.622,1140.0,548.414,160.0,76.818,681.0,327.789,5485.0,1955046.0,940.503,2.639,5254.0,2.528,0.363,2.8,tests performed,2711477.0,1234298.0,1157209.0,319970.0,10183.0,7778.0,130.44,59.38,55.67,15.39,3742.0,789.0,0.038,59.26,2078723.0,102.619,44.5,19.062,12.93,31400.84,,153.493,7.25,20.1,25.0,,4.5,81.32,0.917,,,,
SLB,Oceania,Solomon Islands,2021-12-03,20.0,0.0,0.0,,,0.0,28.409,0.0,0.0,,,0.0,,,,,,,,,,,,,,,,,,,208046.0,161521.0,46525.0,,,1779.0,29.55,22.94,6.61,,2527.0,1343.0,0.191,16.67,703995.0,21.841,20.8,3.507,2.043,2205.923,25.1,459.78,18.68,,,35.89,1.4,73.0,0.567,,,,
SOM,Africa,Somalia,2021-12-03,23051.0,35.0,5.0,1331.0,4.0,0.571,1409.028,2.139,0.306,81.359,0.245,0.035,0.41,,,,,,,,,,,,,,,,,,,,,,,,,,,,,,,35.19,16359500.0,23.5,16.8,2.731,1.496,,,365.769,6.05,,,9.831,0.9,57.4,,,,,
ZAF,Africa,South Africa,2021-12-03,3004203.0,16055.0,6982.143,89944.0,29.0,23.0,50035.029,267.396,116.288,1498.018,0.483,0.383,1.54,,,,,,,1027.0,17.105,51402.0,19580433.0,326.112,0.856,37483.0,0.624,0.136,7.4,people tested,26109436.0,17660930.0,14815845.0,,327177.0,141275.0,43.49,29.41,24.68,,2353.0,105038.0,0.175,45.37,60041996.0,46.754,27.3,5.344,3.053,12294.876,18.9,200.38,5.52,8.1,33.2,43.993,2.32,64.13,0.709,230847.9,23.21,12.82,3844.774
KOR,Asia,South Korea,2021-12-03,467907.0,10295.0,4419.857,3809.0,104.0,45.286,9120.073,200.662,86.148,74.242,2.027,0.883,1.27,,,,,,,,,,,,,,,,,,85881055.0,42618296.0,41192348.0,3570414.0,262561.0,241775.0,167.39,83.07,80.29,6.96,4712.0,27109.0,0.053,40.28,51305184.0,527.967,43.4,13.914,8.622,35938.374,0.2,85.998,6.8,6.2,40.9,,12.27,83.03,0.916,,,,
SSD,Africa,South Sudan,2021-12-03,12804.0,27.0,12.429,133.0,0.0,0.0,1124.996,2.372,1.092,11.686,0.0,0.0,1.09,,,,,,,,,,,,,,,,,,218154.0,185148.0,133315.0,,,4779.0,1.92,1.63,1.17,,420.0,7165.0,0.063,35.19,11381377.0,,19.2,3.441,2.032,1569.888,,280.775,10.43,,,,,57.85,0.433,,,,
ESP,Europe,Spain,2021-12-03,5202958.0,13738.0,10278.0,88159.0,37.0,29.143,111304.621,293.891,219.873,1885.947,0.792,0.623,1.5,,,,,86.0,1.838,1145.0,24.486,,64470158.0,1379.182,,119256.0,2.551,0.056,17.7,tests performed,77157350.0,38409145.0,37655150.0,5499256.0,257786.0,161547.0,165.06,82.17,80.55,11.76,3456.0,17260.0,0.037,41.2,46745211.0,93.105,45.5,19.436,13.799,34272.36,1.0,99.403,7.17,27.4,31.4,,2.97,83.56,0.904,,,,
LKA,Asia,Sri Lanka,2021-12-03,566196.0,725.0,733.857,14419.0,20.0,23.0,26337.998,33.725,34.137,670.735,0.93,1.07,0.97,,,,,,,,,7274.0,5683215.0,264.369,0.338,7318.0,0.34,0.102,9.8,tests performed,29692051.0,15935634.0,13756417.0,,4369.0,6817.0,138.12,74.13,63.99,,317.0,2348.0,0.011,54.63,21497306.0,341.955,34.1,10.069,5.331,11669.077,0.7,197.093,10.68,0.3,27.0,,3.6,76.98,0.782,,,,
SDN,Africa,Sudan,2021-12-03,43489.0,0.0,204.714,3164.0,0.0,7.143,968.373,0.0,4.558,70.453,0.0,0.159,0.92,,,,,,,,,,,,,,,,,,,,,,,,,,,,,,,,44909351.0,23.258,19.7,3.548,2.034,4466.507,,431.388,15.67,,,23.437,0.8,65.31,0.51,,,,
SUR,South America,Suriname,2021-12-03,50960.0,31.0,35.714,1170.0,1.0,1.143,86110.463,52.383,60.349,1977.026,1.69,1.931,0.72,,,,,,,,,,,,,,,,,,478967.0,258304.0,220663.0,,2074.0,734.0,80.93,43.65,37.29,,1240.0,228.0,0.039,72.22,591798.0,3.612,29.6,6.933,4.229,13767.119,,258.314,12.54,7.4,42.9,67.779,3.1,71.68,0.738,,,,
SWE,Europe,Sweden,2021-12-03,1212145.0,2210.0,1899.571,15170.0,6.0,3.571,119303.743,217.516,186.963,1493.087,0.591,0.352,1.58,29.0,2.854,295.0,29.035,23.0,2.227,,,33245.0,,,3.272,33245.0,3.272,0.043,23.0,tests performed,16097826.0,7611128.0,7179328.0,1131706.0,107659.0,61824.0,158.44,74.91,70.66,11.14,6085.0,7422.0,0.073,19.44,10160159.0,24.718,41.0,19.985,13.433,46949.283,0.5,133.982,4.79,18.8,18.9,,2.22,82.8,0.945,,,,
CHE,Europe,Switzerland,2021-12-03,1044633.0,9958.0,8257.0,11591.0,25.0,17.286,119859.299,1142.563,947.393,1329.93,2.868,1.983,1.43,240.0,27.537,1326.0,152.143,,,534.0,61.27,48653.0,12532330.0,1437.937,5.582,50563.0,5.802,0.168,6.0,tests performed,12045452.0,5855591.0,5716809.0,642345.0,58473.0,45009.0,138.21,67.19,65.59,7.37,5164.0,3237.0,0.037,50.0,8715494.0,214.243,43.1,18.436,12.644,57410.166,,99.739,5.59,22.6,28.9,,4.53,83.78,0.955,,,,
SYR,Asia,Syria,2021-12-03,48452.0,95.0,98.286,2767.0,7.0,5.429,2651.17,5.198,5.378,151.403,0.383,0.297,0.79,,,,,,,,,,,,,,,,,,1422377.0,890837.0,739210.0,,,593.0,7.78,4.87,4.04,,32.0,56.0,0.0,60.65,18275704.0,,21.7,,2.577,,,376.264,,,,70.598,1.5,72.7,0.567,,,,
TWN,Asia,Taiwan,2021-12-03,16637.0,11.0,10.143,848.0,0.0,0.0,697.422,0.461,0.425,35.548,0.0,0.0,1.15,,,,,,,,,8597.0,4507035.0,188.935,0.36,15003.0,0.629,0.001,1458.6,people tested,31998733.0,18281218.0,13717515.0,,188577.0,249216.0,134.14,76.63,57.5,,10447.0,20682.0,0.087,,23855008.0,,42.2,,8.353,,,103.957,,,,,,80.46,,,,,
TJK,Asia,Tajikistan,2021-12-03,17493.0,0.0,0.0,125.0,0.0,0.0,1794.223,0.0,0.0,12.821,0.0,0.0,-0.01,,,,,,,,,,,,,,,,,,5579193.0,3024020.0,2555173.0,,,41051.0,57.22,31.02,26.21,,4211.0,20528.0,0.211,29.63,9749625.0,64.281,23.3,3.466,2.155,2896.913,4.8,427.698,7.11,,,72.704,4.8,71.1,0.668,,,,
TZA,Africa,Tanzania,2021-12-03,26270.0,0.0,1.286,730.0,0.0,0.0,427.165,0.0,0.021,11.87,0.0,0.0,0.66,,,,,,,,,,,,,,,,,,,,,,,,,,,,,,,,61498438.0,64.699,17.7,3.108,1.874,2683.304,49.1,217.288,5.75,3.3,26.7,47.953,0.7,65.46,0.529,,,,
THA,Asia,Thailand,2021-12-03,2130641.0,4912.0,4240.286,20880.0,33.0,29.0,30459.118,70.221,60.618,298.495,0.472,0.415,0.87,,,,,,,,,32124.0,16163876.0,231.075,0.459,44361.0,0.634,0.149,6.7,tests performed,93753156.0,48525815.0,41732668.0,3494673.0,521693.0,469172.0,134.03,69.37,59.66,5.0,6707.0,184613.0,0.264,55.09,69950844.0,135.132,40.1,11.373,6.89,16277.671,0.1,109.861,7.04,1.9,38.8,90.67,2.1,77.15,0.777,,,,
TLS,Asia,Timor,2021-12-03,19827.0,2.0,0.857,122.0,0.0,0.0,14753.604,1.488,0.638,90.782,0.0,0.0,0.9,,,,,,,,,,,,,,,,,,1112223.0,646851.0,465372.0,,,6316.0,82.76,48.13,34.63,,4700.0,1511.0,0.112,42.13,1343875.0,87.176,18.0,3.556,1.897,6570.102,30.3,335.346,6.86,6.3,78.1,28.178,5.9,69.5,0.606,,,,
TGO,Africa,Togo,2021-12-03,26284.0,2.0,6.857,243.0,0.0,0.0,3100.171,0.236,0.809,28.662,0.0,0.0,0.98,,,,,,,,,1182.0,581722.0,68.614,0.139,1032.0,0.122,0.007,144.5,tests performed,1665087.0,1097253.0,567834.0,,,22481.0,19.64,12.94,6.7,,2652.0,14066.0,0.166,,8478242.0,143.366,19.4,2.839,1.525,1429.813,49.2,280.033,6.15,0.9,14.2,10.475,0.7,61.04,0.515,,,,
TON,Oceania,Tonga,2021-12-03,1.0,0.0,0.0,,,0.0,9.367,0.0,0.0,,,0.0,,,,,,,,,,,,,,,,,,,118185.0,73183.0,45002.0,,,179.0,110.7,68.55,42.15,,1677.0,61.0,0.057,47.22,106759.0,150.028,22.3,5.82,4.032,5425.621,,227.49,15.42,11.8,44.4,,2.6,70.91,0.725,,,,
TTO,North America,Trinidad and Tobago,2021-12-03,73759.0,984.0,678.714,2215.0,17.0,22.0,52558.334,701.167,483.63,1578.339,12.114,15.677,1.16,,,,,,,,,,,,,,,,,,1294251.0,647517.0,646734.0,,1561.0,1785.0,92.22,46.14,46.08,,1272.0,847.0,0.06,,1403374.0,266.886,36.2,10.014,5.819,28763.071,,228.467,10.97,,,89.443,3.0,73.51,0.796,,,,
TUN,Africa,Tunisia,2021-12-03,718059.0,151.0,153.0,25390.0,9.0,4.0,60160.288,12.651,12.819,2127.22,0.754,0.335,0.86,,,,,,,,,6295.0,3177078.0,266.181,0.527,3866.0,0.324,0.037,26.8,people tested,10623089.0,6140882.0,5191973.0,438337.0,27333.0,40816.0,89.0,51.45,43.5,3.67,3420.0,15117.0,0.127,16.67,11935764.0,74.228,32.7,8.001,5.075,10849.297,2.0,318.991,8.52,1.1,65.8,78.687,2.3,76.7,0.74,,,,
TUR,Asia,Turkey,2021-12-03,8863356.0,21495.0,22963.571,77417.0,187.0,196.571,104222.376,252.755,270.024,910.331,2.199,2.311,0.93,,,,,,,,,354385.0,108681775.0,1277.967,4.167,356823.0,4.196,0.065,15.3,tests performed,120788673.0,56346149.0,50605933.0,13836591.0,147820.0,114424.0,142.03,66.26,59.51,16.27,1345.0,24719.0,0.029,32.41,85042736.0,104.914,31.6,8.153,5.061,25129.341,0.2,171.285,12.13,14.1,41.1,,2.81,77.69,0.82,,,,
UGA,Africa,Uganda,2021-12-03,127651.0,33.0,34.0,3253.0,1.0,0.286,2708.859,0.7,0.722,69.031,0.021,0.006,0.97,,,,,,,,,4392.0,1972975.0,41.868,0.093,5040.0,0.107,0.008,124.2,samples tested,,,,,,,,,,,,,,75.93,47123533.0,213.759,16.4,2.168,1.308,1697.707,41.6,213.333,2.5,3.4,16.7,21.222,0.5,63.37,0.544,,,,
UKR,Europe,Ukraine,2021-12-03,3647777.0,14391.0,11733.286,92960.0,542.0,521.857,83920.95,331.08,269.937,2138.643,12.469,12.006,0.8,,,,,,,,,46506.0,16009215.0,368.309,1.07,37547.0,0.864,0.323,3.1,tests performed,25375687.0,13685625.0,11710742.0,,216129.0,188700.0,58.38,31.49,26.94,,4341.0,62788.0,0.144,57.41,43466822.0,77.39,41.4,16.462,11.133,7894.393,0.1,539.849,7.11,13.5,47.4,,8.8,72.06,0.779,,,,
ARE,Asia,United Arab Emirates,2021-12-03,742163.0,54.0,53.286,2148.0,0.0,0.429,74282.538,5.405,5.333,214.992,0.0,0.043,0.95,,,,,,,,,,,,,,,,,,,,,,,,,,,,,,,51.85,9991083.0,112.442,34.0,1.144,0.526,67293.483,,317.84,17.26,1.2,37.4,,1.2,77.97,0.89,,,,
GBR,Europe,United Kingdom,2021-12-03,10438381.0,51181.0,44633.714,145874.0,146.0,119.714,153039.476,750.376,654.385,2138.692,2.141,1.755,1.05,895.0,13.122,7373.0,108.097,,,5284.0,77.47,1184269.0,330168933.0,4840.682,17.363,972926.0,14.264,0.045,22.3,tests performed,116945656.0,51046133.0,46462638.0,19436885.0,477734.0,433601.0,171.46,74.84,68.12,28.5,6357.0,24346.0,0.036,46.76,68207114.0,272.898,40.8,18.517,12.527,39753.244,0.2,122.137,4.28,20.0,24.7,,2.54,81.32,0.932,,,,
USA,North America,United States,2021-12-03,48990127.0,157899.0,116229.143,787695.0,1795.0,1606.0,147155.028,474.292,349.126,2366.054,5.392,4.824,1.24,13657.0,41.022,53086.0,159.458,,,44986.0,135.128,341749.0,665107373.0,1997.829,1.027,841514.0,2.528,0.093,10.7,tests performed,466348132.0,234743864.0,196693864.0,43958302.0,3.0,783969.0,140.46,70.7,59.24,13.24,2361.0,187936.0,0.057,50.46,332915074.0,35.608,38.3,15.413,9.732,54225.446,1.2,151.089,10.79,19.1,24.6,,2.77,78.86,0.926,,,,
URY,South America,Uruguay,2021-12-03,400542.0,267.0,236.0,6132.0,0.0,1.143,114928.129,76.611,67.716,1759.464,0.0,0.328,1.06,,,,,,,,,9982.0,4124654.0,1183.493,2.864,9229.0,2.648,0.025,40.4,people tested,6825689.0,2751829.0,2660258.0,1413602.0,19596.0,6148.0,195.85,78.96,76.33,40.56,1764.0,319.0,0.009,31.48,3485152.0,19.751,35.6,14.655,10.361,20551.409,0.1,160.708,6.93,14.0,19.9,,2.8,77.91,0.817,,,,
UZB,Asia,Uzbekistan,2021-12-03,193893.0,260.0,216.0,1413.0,4.0,3.0,5713.53,7.662,6.365,41.637,0.118,0.088,0.92,,,,,,,,,,,,,,,,,,34182226.0,17687886.0,,,285339.0,244582.0,100.73,52.12,,,7207.0,107647.0,0.317,30.56,33935765.0,76.134,28.2,4.469,2.873,6253.104,,724.417,7.57,1.3,24.7,,4.0,71.72,0.72,,,,
VUT,Oceania,Vanuatu,2021-12-03,6.0,0.0,0.0,1.0,0.0,0.0,19.08,0.0,0.0,3.18,0.0,0.0,,,,,,,,,,,,,,,,,,,129582.0,89472.0,40110.0,,,959.0,41.21,28.45,12.76,,3050.0,499.0,0.159,19.44,314464.0,22.662,23.1,4.394,2.62,2921.909,13.2,546.3,12.02,2.8,34.5,25.209,,70.47,0.609,,,,
VAT,Europe,Vatican,2021-12-03,27.0,0.0,0.0,,,0.0,33251.232,0.0,0.0,,,0.0,,,,,,,,,,,,,,,,,,,,,,,,,,,,,,,,,812.0,,,,,,,,,,,,,75.12,,,,,
VEN,South America,Venezuela,2021-12-03,433660.0,452.0,614.286,5177.0,7.0,7.571,15107.5,15.746,21.4,180.352,0.244,0.264,0.95,,,,,,,,,,,,,,,,,,26314390.0,16415684.0,9858581.0,,,131562.0,91.67,57.19,34.34,,4583.0,106568.0,0.371,28.7,28704947.0,36.253,29.0,6.614,3.915,16745.022,,204.85,6.47,,,,0.8,72.06,0.711,,,,
VNM,Asia,Vietnam,2021-12-03,1280780.0,14492.0,14206.143,25858.0,200.0,187.714,13046.708,147.623,144.711,263.403,2.037,1.912,1.2,,,,,,,,,102416.0,31083226.0,316.63,1.043,130888.0,1.333,0.112,8.9,samples tested,125857027.0,72632858.0,53224169.0,,692343.0,1361263.0,128.2,73.99,54.22,,13867.0,528375.0,0.538,67.13,98168829.0,308.127,32.6,7.15,4.718,6171.884,2.0,245.465,6.0,1.0,45.9,85.847,2.6,75.4,0.704,,,,
WLF,Oceania,Wallis and Futuna,2021-11-30,,,,,,,,,,,,,,,,,,,,,,,,,,,,,,,11939.0,6016.0,5923.0,,,4.0,107.62,54.23,53.39,,361.0,2.0,0.018,,11094.0,,,,,,,,,,,,,79.94,,,,,
YEM,Asia,Yemen,2021-12-03,10020.0,14.0,5.857,1952.0,2.0,1.286,328.625,0.459,0.192,64.02,0.066,0.042,0.83,,,,,,,,,,,,,,,,,,774953.0,548933.0,361351.0,,,2248.0,2.54,1.8,1.19,,74.0,1648.0,0.005,12.04,30490639.0,53.508,20.3,2.922,1.583,1479.147,18.8,495.003,5.35,7.6,29.2,49.542,0.7,66.12,0.47,,,,
ZMB,Africa,Zambia,2021-12-03,210262.0,42.0,20.571,3667.0,0.0,0.0,11112.828,2.22,1.087,193.809,0.0,0.0,1.07,,,,,,,,,5241.0,2731797.0,144.382,0.277,4008.0,0.212,0.004,259.8,tests performed,1119123.0,,719413.0,,9611.0,8305.0,5.91,,3.8,,439.0,,,43.52,18920657.0,22.995,17.7,2.48,1.542,3689.251,57.5,234.499,3.94,3.1,24.7,13.938,2.0,63.89,0.584,,,,
ZWE,Africa,Zimbabwe,2021-12-03,137441.0,1062.0,515.0,4708.0,1.0,0.571,9106.775,70.368,34.124,311.95,0.066,0.038,3.1,,,,,,,,,8292.0,1472303.0,97.554,0.549,4300.0,0.285,0.087,11.6,tests performed,6710095.0,3845246.0,2864849.0,,27984.0,23681.0,44.46,25.48,18.98,,1569.0,12556.0,0.083,47.22,15092171.0,42.729,19.6,2.822,1.882,1899.775,21.4,307.846,1.82,1.6,30.7,36.791,1.7,61.49,0.571,,,,
